id,gender,age,binges,totdrinks,tothours,0,0.25,0.5,1,1.5,2,2.5,3,4,5,6,7,8,9,10,15,20
1,Male,37,3,18,12,10,10,10,10,10,10,10,10,8,7,6,6,5,4,3,2,1
2,Male,64,0,14,28,5,5,5,5,5,5,5,4,3,2,1,1,0,0,0,0,0
3,Male,38,6,14,8,10,10,10,10,10,10,9,8,7,6,5,3,2,1,1,1,0
4,Male,54,1,11,11,6,6,6,6,6,5,5,3,3,2,2,2,1,1,1,1,0
5,Male,21,0,0,0,0,0,0,0,0,0,0,0,0,0,0,0,0,0,0,0,0
6,Male,36,4,16,10,8,8,8,8,8,8,8,6,6,4,3,3,2,2,0,0,0
7,Male,25,0,0,0,5,5,5,5,5,3,3,3,2,2,2,1,1,1,1,0,0
8,Male,23,0,8,6,6,6,6,6,6,6,5,5,4,3,2,2,2,1,1,0,0
9,Male,24,1,20,19,2,4,4,2,2,0,0,0,0,0,0,0,0,0,0,0,0
10,Male,45,3,16,16,8,8,8,8,8,8,8,6,5,3,2,2,1,0,0,0,0
11,Male,25,10,12,19,5,5,5,5,5,5,0,0,0,0,0,0,0,0,0,0,0
12,Male,27,0,6,3,5,5,5,5,5,4,4,4,3,3,2,1,1,0,0,0,0
13,Male,35,2,6,4,5,5,5,5,5,5,4,4,3,2,1,1,0,0,0,0,0
14,Male,33,2,14,9,12,8,6,5,4,3,3,2,1,1,0,0,0,0,0,0,0
15,Male,21,1,4,4,8,6,6,6,6,6,6,6,4,4,0,0,0,0,0,0,0
16,Male,30,0,1,1,2,2,2,2,2,2,2,2,2,1,1,1,1,1,0,0,0
17,Male,31,2,22,18,12,12,10,8,6,5,4,3,2,1,0,0,0,0,0,0,0
18,Male,24,3,12,10,12,12,10,10,10,8,8,7,6,5,4,3,3,2,2,1,0
19,Male,36,3,3,3,6,6,6,6,6,6,6,6,2,2,2,1,1,1,0,0,0
20,Male,28,6,12,13,12,11,10,9,8,8,8,8,8,7,7,6,5,4,1,0,0
21,Male,36,3,11,7,5,5,5,4,3,3,3,3,2,2,1,1,0,0,0,0,0
22,Male,25,0,0,0,50,10,5,2,0,0,0,0,0,0,0,0,0,0,0,0,0
23,Male,39,1,14,9,12,11,10,9,8,7,7,6,6,5,5,4,4,3,2,1,0
24,Male,24,3,11,8,6,0,0,0,0,0,0,0,0,0,0,0,0,0,0,0,0
25,Male,38,0,9,11,9,8,7,6,5,4,3,2,1,0,0,0,0,0,0,0,0
26,Male,29,2,4,4,6,6,6,6,6,6,6,6,4,3,2,1,0,0,0,0,0
27,Male,34,0,5,9,4,4,4,4,4,3,3,2,2,2,1,1,1,1,0,0,0
28,Male,35,1,7,7,15,15,15,15,15,15,15,10,10,10,8,7,6,5,5,3,2
29,Male,28,2,10,10,5,5,5,5,4,4,3,3,2,2,1,1,1,0,0,0,0
30,Male,45,0,0,0,8,8,8,8,6,5,4,3,2,0,0,0,0,0,0,0,0
31,Male,26,5,42,24,12,12,12,12,10,10,8,6,6,5,4,4,3,3,2,1,0
32,Male,38,0,3,3,5,4,4,3,3,3,2,2,1,1,1,0,0,0,0,0,0
33,Male,28,8,12,8,8,8,8,8,8,8,6,6,5,4,6,2,2,1,0,0,0
34,Male,25,0,1,1,3,3,3,3,3,2,2,1,0,0,0,0,0,0,0,0,0
35,Male,26,0,0,0,5,5,5,3,3,2,2,2,1,1,0,0,0,0,0,0,0
36,Male,25,0,0,0,10,10,10,10,10,10,10,8,6,5,5,4,4,3,3,2,1
37,Male,23,0,3,3,2,2,2,2,2,2,1,1,1,1,1,0,0,0,0,0,0
38,Male,64,0,2,2,5,5,5,5,4,4,4,3,2,2,1,1,1,1,1,1,1
39,Male,24,4,5,13,10,10,10,10,10,8,8,6,5,4,3,3,2,2,2,1,1
40,Male,32,0,18,11,6,5,5,5,4,4,3,3,2,1,0,0,0,0,0,0,0
41,Male,45,0,4,8,0,2,0,0,0,0,0,0,0,0,0,0,0,0,0,0,0
42,Male,43,5,29,29,10,10,10,10,9,9,8,7,7,6,5,5,4,4,3,2,1
43,Male,27,0,6,6,8,8,8,8,7,7,7,6,5,4,3,3,2,2,2,1,1
44,Male,35,0,2,3,7,7,7,7,7,7,5,3,2,2,1,0,0,0,0,0,0
45,Male,47,2,14,7,6,6,6,6,6,6,5,5,5,5,4,4,4,3,3,2,1
46,Male,27,5,5,6,5,5,5,5,4,3,2,2,1,1,0,0,0,0,0,0,0
47,Male,41,15,30,11,10,10,10,10,10,10,8,8,6,4,4,4,3,2,1,1,1
48,Male,31,3,9,8,15,12,11,10,7,6,5,5,4,3,2,2,1,1,0,0,0
49,Male,18,0,5,3,4,4,4,4,3,2,2,2,2,2,0,0,0,0,0,0,0
50,Male,28,2,1,2,20,10,10,10,5,5,5,5,5,2,2,2,1,1,1,1,1
51,Male,21,4,10,6,5,5,5,5,5,5,5,5,5,5,5,4,0,0,0,0,0
52,Male,21,6,16,17,6,5,4,3,2,2,1,1,1,1,0,0,0,0,0,0,0
53,Male,23,0,0,0,5,5,5,5,5,5,5,5,5,0,0,0,0,0,0,0,0
54,Male,36,1,4,3,7,7,7,7,7,7,7,7,5,5,4,4,4,4,4,0,0
55,Male,38,0,0,0,8,8,8,8,8,8,8,6,5,5,5,4,3,3,2,1,1
56,Male,70,0,6,9,4,4,4,4,4,4,4,4,4,4,3,3,3,2,2,2,1
57,Male,26,1,11,7,6,6,6,6,6,5,5,5,4,4,4,3,3,2,2,1,1
58,Male,27,0,8,11,4,4,4,4,4,4,4,4,4,3,3,2,2,2,1,1,1
59,Male,24,2,18,18,10,10,10,10,8,7,7,8,7,7,5,2,0,0,0,0,0
60,Male,74,3,5,3,5,5,5,5,5,5,5,5,5,5,5,5,3,2,2,1,1
61,Male,44,3,67,27,2,2,22,2,2,2,2,2,2,2,2,2,2,2,2,2,2
62,Male,34,0,3,2,6,6,6,6,6,6,6,6,5,5,4,4,4,3,3,2,2
63,Male,33,5,23,10,4,4,4,4,4,4,4,4,4,4,3,3,2,2,1,0,0
64,Male,31,0,3,5,8,8,8,8,8,7,7,6,5,5,5,5,5,4,4,4,3
65,Male,27,4,6,6,12,12,12,12,12,12,12,10,6,5,3,2,2,2,2,1,1
66,Male,22,1,6,3,0,0,0,0,0,0,5,2,0,0,0,0,0,0,1,0,0
67,Male,31,1,4,5,0,0,0,3,2,0,0,0,0,0,0,0,0,0,0,0,0
68,Male,35,0,21,14,10,9,8,7,6,5,5,5,5,3,2,1,0,0,0,0,0
69,Male,44,2,18,9,20,20,20,20,20,10,10,9,8,7,7,6,5,3,2,2,1
70,Male,34,0,4,3,12,12,12,12,10,8,8,6,5,4,3,3,2,1,1,0,0
71,Male,36,0,7,9,3,2,2,2,2,2,2,2,1,1,1,1,1,0,0,0,0
72,Male,30,1,14,5,10,1,1,1,1,1,1,1,1,0,0,0,0,0,0,0,0
73,Male,31,2,15,9,5,5,5,5,5,5,5,5,5,4,4,3,3,2,2,1,1
74,Male,34,3,34,15,2,3,5,2,2,4,5,5,0,0,0,0,0,0,0,0,1
75,Male,29,4,18,17,3,5,2,7,4,2,9,7,2,6,9,2,6,2,5,2,7
76,Male,33,0,9,11,4,4,4,4,4,4,3,3,2,1,0,0,0,0,0,0,0
77,Male,25,2,17,9,5,5,3,3,3,2,2,2,2,2,1,2,2,0,0,0,0
78,Male,52,0,5,7,5,5,5,5,5,5,5,5,5,5,4,4,3,2,2,1,0
79,Male,30,5,13,5,5,5,5,5,5,5,5,5,5,5,3,3,3,3,3,2,2
80,Male,53,0,1,3,4,0,0,0,0,0,0,0,0,0,0,0,0,0,0,0,0
81,Male,54,4,10,7,10,10,10,10,10,10,10,10,7,6,5,4,0,0,0,0,0
82,Male,28,1,4,3,20,18,17,14,12,10,8,7,6,5,4,4,3,3,2,1,1
83,Male,37,0,9,7,5,5,5,5,5,5,5,4,4,0,0,0,0,0,0,0,0
84,Male,25,5,17,8,10,10,10,10,10,5,5,5,5,3,3,2,2,2,1,1,1
85,Male,33,0,6,10,6,6,6,6,6,6,6,6,6,5,5,3,2,2,1,0,0
86,Male,28,1,2,9,5,5,5,5,5,5,4,4,3,3,2,2,2,1,1,0,0
87,Male,29,1,7,4,10,10,10,10,10,10,10,10,8,7,6,5,4,1,1,0,0
88,Male,28,0,0,0,10,10,10,10,10,10,10,8,7,6,4,2,1,1,1,1,1
89,Male,25,0,1,1,3,0,0,1,1,0,0,0,0,0,0,0,0,0,0,0,0
90,Male,23,0,1,3,2,2,2,2,2,2,2,2,2,1,1,1,1,0,0,0,0
91,Male,27,0,0,0,5,4,3,2,1,0,0,0,0,0,0,0,0,0,0,0,0
92,Male,42,4,11,7,15,15,12,10,8,6,6,6,6,4,4,4,4,3,3,2,0
93,Male,29,0,9,12,5,5,4,3,3,3,3,2,2,2,2,1,1,1,0,0,0
94,Male,32,3,7,12,6,6,6,5,5,5,4,4,3,2,2,1,1,1,0,0,0
95,Male,26,5,17,10,25,15,15,12,10,10,8,8,8,8,8,5,5,4,4,0,0
96,Male,29,8,28,12,4,5,4,3,2,2,2,0,0,0,0,0,0,0,0,0,0
97,Male,28,3,5,4,10,10,10,10,8,6,5,5,5,2,2,2,1,1,0,0,0
98,Male,29,5,7,4,6,6,6,6,5,5,5,4,4,3,3,2,2,0,0,0,0
99,Male,39,0,8,12,6,6,6,6,6,5,5,4,4,4,0,0,0,0,0,0,0
100,Male,44,6,13,5,5,0,0,0,4,1,1,1,1,0,0,0,0,0,0,0,0
101,Male,22,3,6,4,3,3,3,3,3,3,2,2,1,0,0,0,0,0,0,0,0
102,Male,39,10,40,18,0,0,0,0,0,0,0,0,0,2,2,2,0,0,0,0,0
103,Male,24,1,3,2,2,0,0,2,2,0,0,2,1,0,0,0,0,0,0,0,0
104,Male,28,2,9,11,20,15,20,15,15,15,17,18,19,20,25,20,19,30,30,25,16
105,Male,41,0,4,5,0,0,0,0,0,0,1,0,3,0,0,1,0,0,0,0,0
106,Male,44,12,18,9,10,10,10,10,10,10,10,8,7,6,5,4,3,2,1,0,0
107,Male,24,1,5,4,20,20,20,20,15,10,10,10,7,3,0,0,0,0,0,0,0
108,Male,27,5,16,21,4,4,4,4,4,4,4,3,3,2,1,1,1,1,0,0,0
109,Male,42,1,4,4,7,7,7,7,7,6,5,4,3,2,2,2,2,1,1,1,0
110,Male,39,0,2,4,3,0,0,0,0,0,0,0,0,0,0,0,0,0,0,0,0
111,Male,21,0,6,4,0,0,0,1,0,0,0,1,1,0,0,0,0,0,0,0,1
112,Male,28,18,32,20,0,0,0,0,0,0,0,0,20,0,0,0,0,0,0,0,0
113,Male,48,0,9,12,15,12,9,8,7,5,4,3,3,3,3,3,2,2,1,0,0
114,Male,30,0,1,1,5,5,5,4,4,4,4,3,3,3,3,2,2,1,1,0,0
115,Male,25,3,8,11,0,0,0,0,0,0,0,0,0,0,0,0,1,1,1,1,1
116,Male,28,2,10,10,10,10,10,10,5,5,3,3,2,2,1,1,1,1,1,1,1
117,Male,21,8,15,15,8,8,8,8,8,8,8,8,7,7,6,6,5,5,3,2,1
118,Male,33,1,7,5,7,7,7,7,7,7,7,7,6,5,5,5,5,5,5,4,3
119,Male,28,2,10,6,11,11,11,11,9,9,8,6,5,5,3,3,2,2,0,0,0
120,Male,22,1,4,5,10,5,5,5,5,5,5,4,4,3,3,2,2,1,1,1,1
121,Male,21,2,14,11,5,5,5,5,5,5,5,5,5,5,5,5,5,4,3,3,2
122,Male,39,0,0,0,10,0,0,0,0,0,0,0,0,0,0,0,0,0,0,0,0
123,Male,54,0,0,0,2,2,1,0,0,0,0,0,0,0,0,0,0,0,0,0,0
124,Male,33,0,4,4,5,5,5,5,5,5,5,5,5,5,5,5,4,4,4,3,1
125,Male,30,1,6,9,5,5,5,4,4,4,4,4,3,2,2,2,1,1,1,0,0
126,Male,19,10,40,24,5,0,0,2,0,2,0,0,0,1,0,1,0,0,0,0,0
127,Male,23,0,8,8,4,4,4,4,4,4,4,3,3,2,2,1,1,1,1,0,0
128,Male,70,1,4,6,8,8,8,8,8,8,8,8,6,6,5,4,4,4,3,2,1
129,Male,51,0,4,4,0,0,0,2,2,3,0,0,0,0,0,0,0,0,0,0,0
130,Male,44,0,7,8,6,6,6,6,6,6,6,6,6,6,5,5,4,1,1,0,0
131,Male,33,1,5,3,2,5,5,5,5,5,0,0,0,0,0,0,0,0,0,0,0
132,Male,50,0,2,2,1,0,0,0,0,0,1,0,0,0,0,0,0,0,0,0,0
133,Male,35,3,9,7,10,10,10,10,10,10,10,6,6,5,4,3,3,2,2,2,1
134,Male,58,0,0,0,0,0,0,0,0,0,0,0,0,0,0,0,0,0,0,0,0
135,Male,26,3,8,4,12,12,10,10,8,7,5,4,3,2,2,1,1,0,0,0,0
136,Male,21,3,13,10,12,12,12,12,12,10,8,6,5,3,3,1,1,0,0,0,0
137,Male,38,2,7,4,0,1,1,1,1,1,1,1,1,1,0,0,0,0,0,0,0
138,Male,48,2,17,23,0,0,0,0,0,0,4,0,0,1,0,0,0,0,0,0,0
139,Male,39,2,8,5,8,8,8,8,8,8,8,6,4,1,0,0,0,0,0,0,0
140,Male,51,6,21,33,10,10,10,10,10,10,8,8,7,6,5,4,4,3,2,2,2
141,Male,32,0,0,0,1,0,0,0,0,0,0,0,0,0,0,0,0,0,0,0,0
142,Male,51,0,5,5,1,1,0,0,0,0,0,0,0,0,0,0,0,0,0,0,0
143,Male,25,2,10,8,0,0,0,10,0,5,0,0,2,0,0,0,0,0,0,0,0
144,Male,24,2,10,12,5,5,1,1,1,1,1,1,1,1,1,1,1,1,1,1,1
145,Male,38,0,0,0,20,18,18,18,16,14,12,10,8,6,4,0,0,0,0,0,0
146,Male,36,0,3,2,2,1,1,1,1,1,0,0,0,0,0,0,0,0,0,0,0
147,Male,25,4,27,22,24,15,10,9,7,6,5,5,2,2,0,0,0,0,0,0,0
148,Male,43,0,2,1,2,2,2,2,2,2,2,2,2,2,1,1,0,0,0,0,0
149,Male,34,1,12,6,12,12,12,12,12,12,6,6,2,2,1,1,1,1,1,1,1
150,Male,26,6,14,10,10,10,10,10,10,10,10,8,5,5,5,5,3,2,2,1,1
151,Male,59,0,4,5,5,0,0,0,0,0,0,0,0,0,0,0,0,0,0,0,0
152,Male,26,25,5,5,5,5,5,5,5,5,2,0,0,0,0,0,0,0,0,0,0
153,Male,28,3,12,11,6,6,6,6,6,6,6,5,5,0,0,0,0,0,0,0,0
154,Male,22,2,4,2,8,8,8,8,7,5,5,3,2,0,0,0,0,0,0,0,0
155,Male,22,0,0,0,5,5,5,4,4,3,3,2,2,1,1,0,0,0,0,0,0
156,Male,35,1,10,7,8,8,8,8,7,7,7,6,6,5,5,4,4,3,2,2,1
157,Male,34,0,2,5,10,10,10,8,8,5,5,5,3,2,2,2,2,2,2,2,2
158,Male,43,15,14,12,6,6,6,6,6,6,6,6,6,6,5,5,4,4,4,1,1
159,Male,29,5,16,10,7,7,7,7,7,7,6,6,5,5,4,3,2,2,2,1,0
160,Male,28,2,8,10,0,0,0,0,0,0,4,0,0,0,0,0,0,0,0,0,0
161,Male,43,8,18,18,5,4,3,3,3,2,2,2,2,2,2,1,0,0,0,0,0
162,Male,52,0,6,8,6,6,6,6,6,5,5,5,4,4,3,3,2,2,2,1,1
163,Male,40,4,13,14,7,7,7,7,7,7,7,7,7,7,5,5,3,3,2,1,1
164,Male,41,0,1,1,3,3,3,3,3,3,3,3,3,3,3,3,2,1,1,1,0
165,Male,21,1,3,5,6,6,6,6,6,6,6,5,5,4,3,2,2,2,2,1,1
166,Male,33,0,0,0,5,5,5,5,5,5,5,5,5,4,3,3,3,2,2,0,0
167,Male,26,5,31,30,2,3,2,2,2,3,4,5,6,2,2,3,6,4,5,3,3
168,Male,30,1,5,7,6,6,6,6,6,5,4,3,3,2,2,2,2,2,1,0,0
169,Male,37,20,22,56,10,10,8,5,4,3,2,2,0,0,0,0,0,0,0,0,0
170,Male,19,2,10,34,2,2,2,2,2,22,2,2,2,22,2,2,2,NA,2,2,2
171,Male,54,0,0,0,5,5,5,5,5,5,5,5,5,5,3,3,2,1,1,0,0
172,Male,37,1,13,6,12,12,10,10,10,10,10,9,6,5,5,3,3,2,2,2,1
173,Male,46,0,0,0,5,5,5,5,4,3,3,3,2,2,0,0,0,0,0,0,0
174,Male,30,1,6,13,1,3,1,0,0,0,0,0,0,0,0,0,0,0,0,0,0
175,Male,47,0,4,4,7,7,7,6,5,5,5,5,4,4,3,3,2,2,2,0,0
176,Male,28,2,16,12,5,7,5,5,5,4,2,1,1,1,1,1,1,1,1,0,0
177,Male,28,3,6,4,7,7,7,7,7,7,5,5,4,4,4,4,2,1,1,0,0
178,Male,22,4,21,15,5,4,6,8,8,6,6,5,3,2,0,0,0,0,0,0,0
179,Male,26,2,14,10,10,10,10,10,8,6,5,4,3,2,2,2,2,1,1,1,1
180,Male,36,0,4,4,5,5,5,5,5,5,5,5,4,4,3,3,3,2,2,0,0
181,Male,25,5,18,16,10,10,10,5,4,3,3,3,1,1,0,0,0,0,0,0,0
182,Male,22,0,7,8,6,6,6,6,6,6,6,5,4,4,3,3,2,2,1,0,0
183,Male,32,0,12,11,4,4,4,4,4,4,4,4,3,3,3,3,3,2,2,1,1
184,Male,27,0,4,6,1,2,2,3,1,0,0,0,0,0,0,0,0,0,0,0,0
185,Male,44,0,0,0,5,5,5,5,5,5,5,5,0,0,0,0,0,0,0,0,0
186,Male,47,1,7,10,0,0,0,0,0,0,0,0,0,4,0,0,0,0,0,0,0
187,Male,33,13,28,12,12,12,12,12,10,8,6,5,3,2,2,2,1,1,1,0,0
188,Male,32,3,13,12,5,5,5,5,5,5,5,5,5,5,4,3,3,2,2,2,1
189,Male,18,2,5,1,7,7,6,4,2,2,1,0,0,0,0,0,0,0,0,0,0
190,Male,63,0,7,9,3,3,3,3,3,2,2,2,1,1,1,1,1,0,0,0,0
191,Male,45,4,30,7,30,30,30,30,30,30,30,30,30,20,20,15,15,12,12,10,5
192,Male,51,8,14,17,5,5,5,5,5,5,5,4,4,3,3,2,2,1,0,0,0
193,Male,24,2,9,6,2,0,0,2,0,0,0,0,0,1,0,0,0,1,0,0,0
194,Male,29,0,0,0,3,3,3,3,3,3,3,2,2,1,1,1,1,0,0,0,0
195,Male,30,0,2,2,3,3,3,3,3,2,2,2,1,1,1,1,1,1,0,0,0
196,Male,26,0,2,1,5,5,5,5,5,5,5,4,3,2,2,1,1,1,1,0,0
197,Male,21,1,6,5,20,18,15,14,12,10,10,8,7,7,6,5,4,4,3,1,1
198,Male,52,0,1,1,10,10,10,10,10,10,10,10,7,6,5,4,3,3,3,2,1
199,Male,30,10,12,6,20,20,20,10,10,10,8,8,8,4,3,2,1,0,0,0,0
200,Male,43,1,11,8,7,7,7,7,7,7,7,5,5,5,5,5,5,4,3,0,0
201,Male,31,15,42,23,14,12,10,10,9,8,8,6,5,4,3,2,1,1,0,0,0
202,Male,34,6,6,5,21,21,21,21,15,10,8,6,4,4,3,2,2,0,0,0,0
203,Male,55,0,0,0,5,5,5,5,4,4,3,3,2,2,1,1,0,0,0,0,0
204,Male,32,2,20,10,20,20,20,20,15,15,10,5,4,4,4,4,0,0,0,0,0
205,Male,31,2,34,15,15,12,11,10,9,8,8,7,7,6,6,6,4,4,3,1,1
206,Male,58,0,3,3,5,0,0,0,0,0,0,0,0,0,0,0,0,0,0,0,0
207,Male,38,2,6,3,6,6,6,6,6,6,6,6,6,6,5,5,4,4,3,0,0
208,Male,41,1,8,8,5,5,5,5,5,5,5,5,5,5,5,4,4,4,3,2,1
209,Male,31,2,18,36,10,10,10,10,10,10,10,10,8,7,6,6,5,4,3,2,2
210,Male,38,12,27,9,12,12,10,10,10,10,8,7,6,5,5,3,2,1,1,1,0
211,Male,42,1,6,7,5,0,0,0,0,0,0,0,0,1,0,0,0,0,0,0,0
212,Male,57,4,16,6,7,7,7,7,7,7,7,7,6,6,6,5,5,5,4,4,4
213,Male,56,1,6,4,6,6,6,6,6,6,6,5,4,4,3,3,2,1,1,0,0
214,Male,56,1,10,10,6,6,6,6,6,6,6,6,6,6,6,6,6,6,6,0,0
215,Male,53,0,0,0,5,5,5,3,3,2,2,1,0,0,0,0,0,0,0,0,0
216,Male,37,3,12,10,10,10,10,10,8,8,7,7,6,5,5,4,4,3,3,0,0
217,Male,73,0,8,1.4,5,5,5,5,5,5,5,5,5,3,3,3,3,3,2,2,2
218,Male,31,1,2,3,0,0,0,0,0,0,0,3,2,0,0,0,0,0,0,0,0
219,Male,22,0,2,1,5,5,5,5,5,5,5,5,5,5,3,2,2,1,1,1,0
220,Male,71,1,8,5,8,8,8,8,8,5,0,0,0,0,0,0,0,0,0,0,0
221,Male,24,0,0,0,3,3,3,3,2,2,2,1,1,0,0,0,0,0,0,0,0
222,Male,39,3,10,13,0,0,0,0,0,0,0,0,0,0,0,0,5,0,0,0,0
223,Male,44,1,2,1,5,5,5,5,5,5,5,5,4,3,2,0,0,0,0,0,0
224,Male,59,0,0,0,8,6,6,6,6,6,5,5,5,0,0,0,0,0,0,0,0
225,Male,34,4,5,4,10,10,10,10,10,9,8,6,6,5,5,4,3,1,1,0,0
226,Male,40,12,24,11,10,10,10,10,10,10,9,8,6,5,5,4,3,0,0,0,0
227,Male,26,0,0,0,2,1,1,1,1,0,0,0,0,0,0,0,0,0,0,0,0
228,Male,32,1,7,7,15,15,15,15,15,15,15,15,15,15,15,15,15,15,15,0,0
229,Male,31,0,0,0,3,0,0,0,0,0,0,0,0,0,0,0,0,0,0,0,0
230,Male,48,0,7,7,2,2,2,2,2,2,2,2,2,2,2,2,0,0,0,0,0
231,Male,36,0,3,3,5,5,5,5,5,5,5,5,5,4,3,3,3,2,2,2,1
232,Male,23,8,46,27,2,2,2,2,2,2,2,2,2,2,1,1,1,0,0,0,0
233,Male,21,16,40,27,15,15,14,6,4,3,2,1,0,0,0,0,0,0,0,0,0
234,Male,30,0,0,0,3,3,3,3,5,4,3,2,1,1,0,0,0,0,0,0,0
235,Male,30,6,26,17,12,12,12,12,10,10,9,9,5,5,5,4,4,4,3,2,1
236,Male,34,2,12,6,5,2,2,2,2,2,2,2,2,2,2,2,2,2,2,2,2
237,Male,36,28,61,26,15,15,15,15,14,12,10,8,6,5,4,3,3,2,0,0,0
238,Male,35,0,6,8,4,4,4,4,3,3,2,2,1,1,0,0,0,0,0,0,0
239,Male,42,25,45,38,15,15,15,15,15,15,12,12,10,5,5,4,3,0,0,0,0
240,Male,29,2,7,10,0,1,0,2,1,3,2,1,0,0,0,0,0,3,4,5,6
241,Male,30,0,3,3,6,6,6,6,5,5,5,4,3,3,2,1,0,0,0,0,0
242,Male,63,0,2,2,2,0,0,0,8,0,0,0,0,0,0,0,0,0,0,0,0
243,Male,27,0,4,8,4,4,4,4,4,3,2,2,2,0,0,0,0,0,0,0,0
244,Male,31,0,4,4,2,2,2,2,2,2,2,2,2,1,0,0,0,0,0,0,0
245,Male,26,2,7,7,0,0,0,0,0,0,0,0,4,0,0,0,0,0,0,0,0
246,Male,55,0,2,4,6,6,6,6,6,6,5,5,5,4,3,2,2,2,2,1,1
247,Male,36,2,5,4,6,6,6,6,6,6,6,6,5,5,3,3,2,1,1,0,0
248,Male,30,14,54,54,16,16,16,15,12,12,10,8,8,6,4,4,2,2,0,0,0
249,Male,38,0,0,0,7,3,2,1,0,0,0,0,0,0,0,0,0,0,0,0,0
250,Male,20,10,9,5,10,5,4,4,3,2,1,0,0,0,0,0,0,0,0,0,0
251,Male,41,2,10,4,10,10,10,8,8,8,8,7,7,7,6,6,5,5,5,0,0
252,Male,59,0,16,13,4,4,4,4,4,4,4,3,3,2,2,1,1,1,1,0,0
253,Male,24,0,3,1,3,3,3,3,3,3,3,3,2,2,2,0,0,0,0,0,0
254,Male,27,3,12,9,30,25,25,20,15,10,10,9,8,7,6,5,4,3,2,1,1
255,Male,45,0,2,2,0,0,0,0,0,0,0,0,0,0,3,0,0,0,0,0,0
256,Male,39,5,20,13,8,8,8,6,6,5,5,4,3,3,3,2,2,1,1,1,0
257,Male,23,9,24,18,12,12,12,8,8,8,6,6,4,3,2,2,0,0,0,0,0
258,Male,29,0,2,2,5,5,5,5,5,5,5,5,5,4,4,4,4,3,3,1,1
259,Male,33,1,9,7,4,3,3,3,3,3,3,3,3,3,3,3,3,2,2,2,1
260,Male,28,8,20,10,10,10,10,10,10,10,8,6,5,4,2,2,1,1,1,0,0
261,Male,24,0,0,0,10,8,8,8,8,8,5,5,4,3,2,2,2,1,1,1,1
262,Male,36,1,8,14,5,5,5,5,5,5,3,3,3,2,2,2,1,1,1,0,0
263,Male,28,2,12,5,10,10,10,10,10,10,10,10,10,10,8,8,7,6,5,4,2
264,Male,26,20,40,41,10,10,10,10,10,10,10,10,8,5,5,5,4,4,3,2,0
265,Male,30,2,17,26,6,6,6,6,6,6,6,6,6,5,4,4,3,1,0,0,0
266,Male,27,4,15,15,1,2,2,2,2,2,2,1,1,1,1,0,0,0,0,0,0
267,Male,56,0,3,2,7,7,7,7,7,7,5,5,5,4,3,3,3,2,2,1,1
268,Male,26,2,8,6,6,5,5,5,5,5,5,5,5,2,2,1,1,0,0,0,0
269,Male,34,1,6,8,0,0,0,0,0,1,1,0,0,0,0,0,0,0,2,0,0
270,Male,27,1,10,10,8,8,8,8,8,8,8,7,6,5,4,4,3,2,2,1,1
271,Male,22,0,6,5,10,7,7,7,7,6,6,5,5,5,5,5,5,5,4,2,1
272,Male,27,4,4,2,10,10,10,10,10,8,8,6,5,4,2,2,1,1,1,1,1
273,Male,25,0,14,14,6,6,6,6,6,6,6,6,6,5,4,3,3,2,2,1,1
274,Male,24,4,12,14,6,6,6,6,6,6,6,6,6,6,6,6,6,4,4,4,2
275,Male,27,3,11,7,1,0,0,0,0,2,2,2,1,1,0,0,0,0,0,0,0
276,Male,27,16,20,8,5,5,5,5,5,5,5,5,5,5,4,3,0,0,0,0,0
277,Male,25,0,3,5,3,3,3,3,3,3,3,3,2,2,2,1,1,1,0,0,0
278,Male,21,8,12,19,8,8,8,8,8,6,6,5,4,3,3,2,2,2,1,0,0
279,Male,44,8,30,15,10,10,10,10,10,10,10,10,10,0,0,0,0,0,0,0,0
280,Male,38,30,46,35,10,10,10,10,10,10,10,10,9,8,7,6,6,6,5,5,5
281,Male,20,3,8,5,8,6,6,5,5,4,4,3,2,1,0,0,0,0,0,0,0
282,Male,37,0,0,0,6,6,6,6,6,6,6,5,4,1,1,0,0,0,0,0,0
283,Male,23,0,6,9,2,2,2,2,2,2,2,2,2,2,0,0,0,0,0,0,0
284,Male,64,0,2,2,5,5,5,5,5,5,5,5,5,4,3,3,3,3,3,2,1
285,Male,42,25,112,36,10,10,10,10,7,5,4,4,2,2,1,1,0,0,0,0,0
286,Male,46,5,14,10,10,10,10,10,10,10,10,10,8,6,5,4,4,3,3,2,1
287,Male,26,3,11,4,10,10,10,10,8,6,5,3,2,1,0,0,0,0,0,0,0
288,Male,27,5,12,12,5,5,5,4,4,4,4,4,4,3,3,3,3,3,2,2,1
289,Male,54,0,6,6,2,2,2,2,2,2,2,1,1,0,0,0,0,0,0,0,0
290,Male,23,2,7,5,10,8,8,8,8,8,6,6,6,6,5,4,3,2,2,2,1
291,Male,41,1,12,12,8,7,7,7,7,7,6,5,4,3,2,2,2,0,0,0,0
292,Male,31,2,10,6,8,8,8,8,8,8,8,8,8,4,4,3,3,2,1,1,0
293,Male,42,4,40,17,15,15,15,15,15,10,10,5,4,3,3,2,2,1,0,0,0
294,Male,40,1,3,3,5,5,5,3,3,2,2,1,1,1,1,0,0,0,0,0,0
295,Male,29,0,9,3,20,10,5,2,2,2,2,1,0,0,0,0,0,0,0,0,0
296,Male,24,3,9,7,10,8,7,5,5,5,5,4,4,4,3,3,3,2,1,1,0
297,Male,54,0,2,2,5,5,5,5,5,5,4,4,3,2,2,1,1,1,1,1,1
298,Male,53,1,10,12,10,10,10,5,5,5,4,4,2,2,1,1,0,0,0,0,0
299,Male,30,8,70,36,20,20,20,20,20,20,20,20,20,0,0,0,0,0,0,0,0
300,Male,27,4,11,14,6,6,6,6,6,6,6,6,5,4,3,2,2,2,1,0,0
301,Male,32,0,7,2,5,5,5,5,5,3,3,3,3,3,1,1,0,0,0,0,0
302,Male,30,1,4,4,5,0,0,0,0,0,0,0,0,0,0,0,0,0,0,0,0
303,Male,24,3,3,3,7,5,4,3,3,3,2,2,1,1,0,0,0,0,0,0,0
304,Male,24,4,4,2,4,4,4,3,3,3,2,2,1,1,0,0,0,0,0,0,0
305,Male,27,1,14,14,5,5,5,5,5,5,5,5,5,4,3,3,2,2,2,1,1
306,Male,24,0,0,0,4,4,4,3,3,3,3,3,3,3,2,2,2,2,1,0,0
307,Male,39,4,11,13,5,5,5,5,5,5,5,5,5,5,5,3,3,3,1,1,0
308,Male,26,1,6,8,10,10,10,10,10,10,10,6,5,4,3,1,1,1,0,0,0
309,Male,33,0,7,7,3,3,3,3,3,3,3,3,3,2,2,0,0,0,0,0,0
310,Male,41,2,12,7,0,0,0,2,0,0,0,0,2,0,0,0,0,0,0,0,0
311,Male,26,8,16,8,8,8,8,8,8,8,6,6,3,3,2,2,2,1,1,0,0
312,Male,28,1,5,3,10,8,8,8,8,8,7,6,5,5,5,3,2,2,2,1,1
313,Male,35,6,29,19,20,20,20,20,15,15,12,12,10,10,8,7,6,5,4,3,2
314,Male,46,2,12,8,15,12,12,12,12,12,12,10,10,8,6,5,4,3,2,0,0
315,Male,25,5,5,6,0,2,1,1,0,1,1,1,0,0,0,0,0,0,0,0,0
316,Male,31,3,20,12,12,12,12,12,12,12,12,9,9,8,8,6,6,6,3,2,1
317,Male,31,1,4,3,5,3,1,1,1,1,1,1,1,1,1,1,1,1,1,0,0
318,Male,29,0,0,0,20,20,20,15,15,15,14,11,10,8,6,5,5,4,4,2,2
319,Male,33,3,10,10,5,4,3,2,1,1,1,1,1,1,1,1,1,1,1,1,1
320,Male,38,0,12,9,0,0,4,5,0,0,0,1,0,0,0,0,0,0,0,0,0
321,Male,54,0,3,4,3,3,3,3,3,3,3,3,0,0,0,0,0,0,0,0,0
322,Male,27,1,8,5,15,12,12,12,12,10,10,9,8,6,6,5,5,3,3,2,2
323,Male,35,3,8,8,6,5,5,4,4,3,3,3,2,2,1,1,1,1,1,1,1
324,Male,25,0,0,0,2,1,1,1,0,0,0,0,0,0,0,0,0,0,0,0,0
325,Male,28,0,5,6,4,4,4,4,4,4,4,4,3,2,2,2,1,0,0,0,0
326,Male,29,2,24,24,10,10,10,10,10,8,8,7,7,7,6,6,6,6,6,4,3
327,Male,44,3,7,6,10,10,10,10,10,10,7,7,6,4,3,2,2,1,0,0,0
328,Male,30,0,1,0,5,4,4,3,2,2,2,1,1,1,1,0,0,0,0,0,0
329,Male,69,0,0,0,8,8,8,8,8,6,6,5,3,2,2,2,2,1,1,0,0
330,Male,21,2,5,10,3,3,3,3,3,2,2,2,0,0,0,0,0,0,0,0,0
331,Male,30,2,5,6,10,10,10,10,9,9,8,8,7,6,5,5,5,4,3,2,2
332,Male,34,0,2,1,6,6,6,6,6,6,6,3,2,2,1,0,0,0,0,0,0
333,Male,28,2,6,6,5,5,5,5,5,5,5,5,4,4,4,2,2,0,0,0,0
334,Male,29,2,7,7,6,5,5,4,4,4,3,2,2,0,0,0,0,0,0,0,0
335,Male,25,2,21,21,4,3,3,2,2,2,2,5,4,2,2,44,0,0,0,0,0
336,Male,37,6,17,15,5,5,5,4,4,4,3,3,2,2,0,0,0,0,0,0,0
337,Male,24,1,13,7,6,6,6,6,5,5,4,4,3,2,2,2,2,2,2,0,0
338,Male,42,0,1,1,1,1,1,1,0,0,0,0,0,0,0,0,0,0,0,0,0
339,Male,29,5,20,19,8,8,8,8,8,8,8,8,8,8,8,6,6,5,4,3,2
340,Male,45,1,6,4,3,3,3,3,3,3,3,2,2,2,0,0,0,0,0,0,0
341,Male,27,2,8,6,5,5,5,5,5,3,3,2,1,1,0,0,0,0,0,0,0
342,Male,25,5,25,15,10,10,10,10,10,10,10,10,6,6,5,5,3,2,2,1,0
343,Male,53,0,2,3,3,3,3,3,3,3,3,3,3,3,2,0,0,0,0,0,0
344,Male,33,10,24,14,10,10,10,10,10,10,10,8,7,6,5,4,3,2,1,0,0
345,Male,23,1,8,13,6,6,6,6,6,6,5,5,5,5,4,4,4,3,2,1,1
346,Male,23,0,6,2.5,0,0,0,0,0,0,2,1,0,0,0,0,0,0,0,0,0
347,Male,43,0,2,4,5,5,5,5,5,5,3,3,3,2,2,2,2,1,1,1,0
348,Male,45,2,14,14,7,7,7,7,7,7,7,5,4,4,4,4,3,3,2,2,2
349,Male,36,1,4,3,5,5,5,5,5,4,4,3,2,1,1,1,1,0,0,0,0
350,Male,34,1,10,14,8,8,8,8,8,8,8,6,5,4,4,4,3,2,2,0,0
351,Male,26,1,10,8,1,1,1,1,1,1,1,1,1,1,1,1,1,0,0,0,0
352,Male,62,0,7,7,5,5,5,5,5,5,5,5,4,3,2,2,2,1,1,0,0
353,Male,60,0,4,4,6,6,6,6,6,6,5,5,4,3,0,0,0,0,0,0,0
354,Male,33,2,9,8,0,0,0,0,5,0,0,0,0,0,0,0,0,0,0,0,0
355,Male,67,0,28,21,5,5,5,5,5,5,5,5,4,4,3,2,2,1,0,0,0
356,Male,34,0,2,1,5,5,5,5,5,5,2,1,2,2,1,1,1,1,0,0,0
357,Male,50,0,0,0,1,1,1,1,1,1,1,0,0,0,0,0,0,0,0,0,0
358,Male,60,0,7,10,6,6,6,6,6,6,6,6,6,6,3,3,3,2,2,0,0
359,Male,26,0,0,0,2,2,2,2,2,2,2,2,1,1,0,0,0,0,0,0,0
360,Male,55,0,10,10,0,0,0,0,0,5,0,0,0,0,0,0,0,0,0,0,0
361,Male,36,2,11,13,12,12,12,12,12,12,12,12,10,7,6,5,4,4,3,2,2
362,Male,67,2,8,6,3,0,0,0,0,0,2,0,0,0,2,0,0,0,0,0,0
363,Male,33,0,3,2,0,0,0,0,6,0,0,0,0,3,0,0,0,0,0,0,0
364,Male,32,2,9,5,6,6,6,6,6,6,6,6,4,4,3,2,1,1,0,0,0
365,Male,35,20,45,38,0,0,0,0,0,0,0,3,2,0,0,6,0,0,0,0,0
366,Male,30,3,8,5,10,10,10,10,10,8,7,5,4,3,3,2,2,2,2,1,1
367,Male,34,0,1,1,15,15,15,15,12,10,8,3,2,2,2,1,1,1,1,0,0
368,Male,32,5,17,9,15,15,15,12,10,8,6,5,4,4,4,2,2,2,0,0,0
369,Male,33,2,7,9,8,8,8,8,8,8,8,8,8,8,8,8,8,8,8,6,2
370,Male,31,1,12,8,8,8,8,8,7,7,6,6,5,5,4,4,3,3,2,1,1
371,Male,22,6,23,11,10,10,10,10,9,8,7,6,5,4,3,2,2,2,2,1,1
372,Male,39,0,1,1,6,6,6,6,5,3,2,1,0,0,0,0,0,0,0,0,0
373,Male,37,2,8,9,5,5,5,5,5,5,5,5,5,4,3,3,2,1,1,0,0
374,Male,30,8,21,20,10,10,10,10,9,9,9,9,7,6,5,5,4,3,3,0,0
375,Male,30,2,12,8,6,5,5,5,4,4,4,3,3,3,3,2,2,2,1,1,1
376,Male,47,15,37,18,12,12,12,12,10,8,7,6,4,4,2,1,0,0,0,0,0
377,Male,43,0,0,0,2,0,0,0,0,0,0,0,2,3,1,0,0,0,0,0,0
378,Male,27,1,11,8,6,6,6,6,6,6,5,4,3,2,2,1,1,1,0,0,0
379,Male,57,4,13,9,10,10,10,10,10,6,5,4,3,2,1,1,1,1,1,1,1
380,Male,36,0,0,0,13,13,13,13,13,13,13,13,12,10,8,6,0,0,0,0,0
381,Male,22,0,4,4,8,8,8,8,8,8,7,7,6,6,5,4,3,2,2,1,1
382,Male,43,0,2,2,4,4,4,4,4,4,2,2,2,1,1,1,0,0,0,0,0
383,Male,52,30,120,46,0,0,0,0,0,0,6,0,0,0,0,0,0,0,0,0,0
384,Male,35,2,4,3,7,7,7,7,7,7,7,6,6,6,5,5,4,4,3,3,2
385,Male,48,0,3,6,3,3,3,3,3,3,3,0,0,0,0,0,0,0,0,0,0
386,Male,28,2,8,10,10,10,10,10,8,8,8,8,8,8,6,6,4,4,3,2,2
387,Male,62,0,7,6,6,6,6,6,6,6,6,6,6,6,6,5,4,0,0,0,0
388,Male,57,0,2,2,5,5,5,5,5,5,5,5,5,5,4,4,4,3,3,2,2
389,Male,41,1,3,3,4,4,4,4,4,4,4,4,4,4,3,3,2,2,2,1,1
390,Male,46,1,6,9,7,7,7,7,7,7,7,7,7,7,7,7,6,5,4,3,2
391,Male,33,0,3,3,3,3,3,3,3,3,3,3,3,2,2,1,1,1,1,0,0
392,Male,39,3,17,21,4,4,4,4,4,4,4,4,4,4,4,4,3,3,2,1,0
393,Male,34,1,4,6,0,0,0,0,0,0,0,5,0,0,3,0,0,0,0,0,0
394,Male,44,4,59,34,15,15,15,15,15,15,15,10,8,5,4,3,3,2,1,0,0
395,Male,32,0,9,9,6,6,6,6,5,4,3,2,1,0,0,0,0,0,0,0,0
396,Male,37,1,6,4,10,10,10,10,10,10,10,10,9,9,9,9,8,8,8,7,6
397,Male,30,0,4,5,0,0,0,0,0,0,0,0,1,1,1,0,0,0,0,0,0
398,Male,46,4,16,12,8,8,8,8,8,8,8,8,7,4,2,0,0,0,0,0,0
399,Male,29,5,13,9,5,1,0,0,0,0,0,0,0,0,0,0,0,0,0,0,0
400,Male,32,0,4,6,2,2,0,0,0,0,0,0,0,0,0,0,0,0,0,0,0
401,Male,33,1,2,1,3,3,3,3,3,2,2,2,2,2,2,2,1,1,1,1,1
402,Male,46,1,4,3,4,4,4,3,3,2,2,1,1,0,0,0,0,0,0,0,0
403,Male,41,0,0,0,5,5,5,5,5,5,5,5,5,5,3,0,0,0,0,0,0
404,Male,23,1,4,3,8,8,8,8,5,5,5,4,3,3,2,2,1,0,0,0,0
405,Male,65,0,3,3,5,4,4,4,4,4,3,3,3,2,2,1,1,0,0,0,0
406,Male,20,2,2,4,1,1,0,0,0,0,0,0,0,0,0,1,0,2,0,0,0
407,Male,31,0,0,0,2,2,2,2,2,2,2,1,0,0,0,0,0,0,0,0,0
408,Male,61,0,2,1,5,5,5,5,5,5,5,4,4,3,3,2,1,0,0,0,0
409,Male,31,2,5,5,7,6,6,6,5,5,5,4,4,3,3,3,3,3,3,2,1
410,Male,27,2,14,14,7,7,7,7,7,7,6,5,5,4,0,0,0,0,0,0,0
411,Male,31,10,46,28,10,10,10,10,8,8,8,6,5,4,4,3,3,2,1,1,0
412,Male,29,10,13,5,12,12,12,10,6,5,4,3,2,1,0,0,0,0,0,0,0
413,Male,46,1,7,14,8,1,1,1,1,1,1,1,1,0,0,0,0,0,0,0,0
414,Male,35,0,6,6,11,11,11,11,11,8,7,6,5,5,5,4,4,4,3,2,2
415,Male,58,30,42,35,10,10,10,5,5,5,2,2,1,0,0,0,0,0,0,0,0
416,Male,27,1,2,2,5,5,5,5,5,5,5,5,4,4,3,2,2,1,1,0,0
417,Male,21,3,26,11,20,18,16,14,13,12,11,10,8,6,4,2,1,0,0,0,0
418,Male,43,3,7,7,7,7,6,6,5,5,4,4,3,3,2,2,1,1,0,0,0
419,Male,35,0,0,0,2,2,0,0,0,0,0,0,0,0,0,0,0,0,0,0,0
420,Male,40,3,11,10,6,6,6,5,5,5,5,4,4,3,3,2,1,0,0,0,0
421,Male,45,0,0,0,10,10,10,10,10,10,10,8,5,4,3,3,2,2,0,0,0
422,Male,26,2,5,3,7,7,7,7,7,7,7,6,6,5,4,4,4,3,3,2,1
423,Male,36,0,2,4,2,2,2,2,2,2,2,2,2,2,1,1,0,0,0,0,0
424,Male,25,2,16,12,2,4,6,5,3,3,2,1,2,1,1,1,2,3,3,4,2
425,Male,30,6,14,11,10,10,10,10,10,10,10,10,10,8,8,7,5,3,3,1,1
426,Male,46,0,0,0,10,10,10,10,10,10,8,5,5,5,5,5,4,4,4,2,2
427,Male,49,0,4,3,10,8,8,6,5,5,5,5,5,5,4,3,2,1,0,0,0
428,Male,26,0,4,4,3,3,3,3,3,3,3,3,3,2,2,2,2,2,1,1,1
429,Male,50,0,3,4,6,6,4,2,1,1,1,1,0,0,0,0,0,0,0,0,0
430,Male,43,5,8,11,8,8,8,8,8,8,8,8,6,5,5,2,2,2,2,1,1
431,Male,31,0,1,1,4,4,4,4,3,3,2,2,1,1,1,0,0,0,0,0,0
432,Male,65,1,10,2,20,10,5,5,5,5,5,5,4,4,4,4,2,0,0,0,0
433,Male,25,3,22,7,2,3,4,5,5,4,0,0,0,0,0,0,0,0,0,0,0
434,Male,51,0,4,7,0,0,0,0,0,4,0,0,0,0,0,0,0,0,0,0,0
435,Male,35,30,84,42,12,12,12,12,8,6,4,3,2,2,2,0,0,0,0,0,0
436,Male,54,1,8,3,5,4,4,3,3,2,2,1,0,0,0,0,0,0,0,0,0
437,Male,32,10,25,20,10,10,10,10,10,10,9,5,3,2,1,1,1,0,0,0,0
438,Male,28,4,9,10,1,1,1,1,0,1,0,0,0,0,0,0,0,0,1,0,1
439,Male,45,1,12,6,15,15,15,15,12,12,8,8,6,6,4,4,4,2,2,1,1
440,Male,40,2,10,9,10,10,10,10,10,10,10,10,7,6,5,4,4,3,3,2,2
441,Male,24,0,3,4,4,4,4,4,4,4,4,4,4,3,3,2,2,2,2,1,0
442,Male,24,5,12,9,7,7,7,7,7,7,7,5,5,4,4,4,4,3,2,1,1
443,Male,23,15,24,8,12,8,7,4,4,3,2,2,2,1,1,1,1,1,1,1,1
444,Male,29,3,12,13,6,6,6,6,6,6,5,5,5,4,2,2,2,1,1,0,0
445,Male,26,1,5,5,20,20,10,8,5,4,3,2,0,0,0,0,0,0,0,0,0
446,Male,41,1,5,6,8,8,8,8,8,8,7,5,5,5,4,3,3,3,2,1,1
447,Male,28,2,13,6,9,9,9,9,9,9,8,6,5,4,3,2,2,2,1,0,0
448,Male,23,0,0,0,4,0,0,2,0,1,0,0,0,0,0,0,0,0,0,0,0
449,Male,35,1,12,21,6,6,6,6,6,6,6,6,3,3,0,0,0,0,0,0,0
450,Male,58,0,0,0,1,1,1,1,0,0,0,0,0,0,0,0,0,0,0,0,0
451,Male,25,0,5,10,4,4,4,4,3,3,3,3,2,2,1,1,1,0,0,0,0
452,Male,50,0,2,2,4,4,4,4,4,4,3,3,2,1,0,0,0,0,0,0,0
453,Male,45,15,39,28,5,5,5,5,5,5,5,5,5,5,5,5,2,0,0,0,0
454,Male,43,0,8,7,3,3,3,3,3,3,3,3,3,2,2,2,2,2,1,1,1
455,Male,66,2,6,7,0,0,0,5,0,0,0,0,0,1,0,0,0,0,0,0,0
456,Male,29,0,1,1,3,3,3,3,3,3,3,3,3,3,2,2,2,1,1,1,0
457,Male,34,2,11,8,10,10,10,10,10,10,10,10,8,8,8,7,5,5,3,0,0
458,Male,48,0,5,5,6,0,0,0,0,0,0,0,0,0,0,0,0,0,0,0,0
459,Male,24,2,9,11,10,10,10,10,10,10,10,10,10,8,4,3,1,1,0,0,0
460,Male,47,3,8,6,10,10,10,10,10,7,7,4,3,0,0,0,0,0,0,0,0
461,Male,27,0,6,6,6,6,6,6,5,4,4,4,4,3,3,2,0,0,0,0,0
462,Male,34,1,5,6,5,5,5,5,5,5,5,5,5,4,3,2,2,1,1,0,0
463,Male,29,2,16,8,5,4,4,4,4,3,3,2,1,1,1,1,0,0,0,0,0
464,Male,27,1,2,0,4,4,4,4,3,3,3,2,2,2,1,1,1,1,0,0,0
465,Male,30,3,5,4,5,5,5,5,5,5,4,4,3,3,2,2,1,1,1,1,0
466,Male,44,2,4,4,4,2,2,2,2,2,2,2,2,2,2,2,2,2,2,2,2
467,Male,21,1,8,5,2,4,4,9,2,0,1,1,0,6,2,0,3,0,19,4,3
468,Male,42,4,4,5,12,12,12,12,12,12,12,12,12,12,12,5,5,0,0,0,0
469,Male,46,1,2,0,4,4,4,4,4,4,4,4,4,4,3,3,2,1,1,0,0
470,Male,34,0,4,2,5,5,5,5,5,5,5,4,4,4,3,2,2,2,2,0,0
471,Male,43,0,1,1,5,5,5,5,5,5,5,5,3,2,2,1,0,0,0,0,0
472,Male,24,0,3,4,4,4,4,4,4,4,4,4,4,4,4,4,4,3,3,2,1
473,Male,34,30,90,90,10,10,10,10,8,7,5,5,5,4,4,3,3,3,2,1,1
474,Male,29,0,0,0,1,1,1,1,1,1,1,0,0,0,0,0,0,0,0,0,0
475,Female,26,0,0,0,10,10,10,10,10,5,5,5,5,0,0,0,0,0,0,0,0
476,Female,32,0,4,10,2,2,2,2,2,2,2,2,1,1,1,1,1,1,1,1,1
477,Female,25,1,2,2,5,4,4,3,1,1,1,1,1,1,0,0,0,0,0,0,0
478,Female,25,3,32,36,6,6,6,6,6,6,5,5,3,2,1,1,0,0,0,0,0
479,Female,60,0,7,5,4,4,4,4,4,4,4,3,2,2,1,1,1,1,1,0,0
480,Female,30,0,3,1.5,5,4,4,4,4,4,4,4,4,4,4,3,2,2,1,0,0
481,Female,41,0,2,4,3,3,3,3,3,3,3,2,2,2,1,1,1,0,0,0,0
482,Female,32,0,4,6,3,3,3,3,3,3,3,3,2,2,2,1,1,1,1,1,1
483,Female,61,20,27,60,5,5,5,5,5,5,5,5,3,3,2,2,2,0,0,0,0
484,Female,52,0,3,3,5,5,5,5,5,5,0,0,0,0,0,0,0,0,0,0,0
485,Female,28,3,20,8,15,15,15,10,10,5,4,3,2,2,1,1,1,1,1,0,0
486,Female,32,0,5,5,5,5,5,5,4,3,2,1,0,0,0,0,0,0,0,0,0
487,Female,36,1,4,4,5,5,5,5,5,5,5,5,5,5,4,4,4,3,3,2,1
488,Female,27,0,0,0,0,0,0,1,0,0,0,1,0,0,0,0,0,0,0,0,0
489,Female,30,2,7,4,4,4,2,0,0,0,0,0,0,0,0,0,0,0,0,0,0
490,Female,21,0,0,0,5,0,0,0,0,0,0,0,0,0,0,0,0,0,0,0,0
491,Female,32,6,9,11,0,0,0,0,0,1,2,2,0,0,0,0,0,0,0,0,0
492,Female,22,2,8,8,0,10,2,1,0,0,0,0,0,0,0,0,0,0,0,0,0
493,Female,29,5,6,6,1,0,0,5,0,0,0,0,0,3,0,0,0,0,0,0,0
494,Female,29,1,8,4,4,4,4,4,4,4,4,4,4,4,4,3,3,3,3,2,1
495,Female,49,1,4,6,0,0,0,0,0,3,0,0,1,0,0,0,0,0,0,0,0
496,Female,70,0,0,0,2,2,2,2,2,2,2,2,2,0,0,0,0,0,0,0,9
497,Female,26,1,3,2,8,8,8,8,8,8,8,5,5,5,3,3,3,2,2,2,2
498,Female,23,1,0,0,50,40,30,16,10,8,6,7,4,3,3,3,2,0,0,0,0
499,Female,22,0,4,6,4,4,4,4,3,2,2,2,1,1,1,0,0,0,0,0,0
500,Female,34,0,7,7,4,4,4,4,4,4,3,3,2,2,2,2,1,1,1,0,0
501,Female,46,0,8,5,4,4,4,4,0,0,0,0,0,0,0,0,0,0,0,0,0
502,Female,69,0,7,7,3,3,3,3,3,3,3,3,2,2,2,1,1,1,0,0,0
503,Female,52,0,0,0,3,3,3,3,3,3,2,2,0,0,0,0,0,0,0,0,0
504,Female,38,0,1,1,1,1,1,1,1,1,1,0,0,0,0,0,0,0,0,0,0
505,Female,25,2,4,8,4,3,2,1,1,1,0,0,0,0,0,0,0,0,0,0,0
506,Female,33,4,17,14,2,4,2,2,3,2,1,1,1,3,0,0,0,0,0,0,0
507,Female,28,0,0,0,0,0,0,0,0,0,0,0,0,0,0,0,0,0,0,0,0
508,Female,34,0,1,1,1,1,1,0,0,0,0,0,0,0,0,0,0,0,0,0,0
509,Female,28,0,0,0,2,2,2,2,2,2,2,2,2,2,1,1,0,0,0,0,0
510,Female,44,0,0,0,7,7,7,7,3,3,1,0,0,0,0,0,0,0,0,0,0
511,Female,35,0,0,0,5,5,5,5,5,5,4,3,2,1,0,0,0,0,0,0,0
512,Female,26,1,5,8,8,8,8,8,8,8,8,7,7,6,5,5,4,4,2,2,1
513,Female,69,0,2,4,2,2,2,2,2,2,2,2,1,1,1,1,1,0,0,0,0
514,Female,50,0,1,1,0,0,0,0,0,0,0,0,0,0,0,0,0,0,0,0,0
515,Female,33,0,0,0,2,0,0,0,0,0,0,0,0,0,0,0,0,0,0,0,0
516,Female,26,0,0,0,0,0,0,0,0,0,0,0,0,0,0,0,0,0,0,0,0
517,Female,33,3,6,4,8,8,8,6,5,5,4,4,3,0,0,0,0,0,0,0,0
518,Female,27,10,21,17,10,10,10,10,5,5,5,5,4,3,2,1,1,1,1,0,0
519,Female,36,2,5,4,7,7,7,7,7,7,6,5,4,3,2,0,0,0,0,0,0
520,Female,24,3,12,11,8,8,7,7,6,6,5,5,5,4,3,2,2,2,2,1,0
521,Female,51,0,2,2,3,2,1,0,0,0,0,0,0,0,0,0,0,0,0,0,0
522,Female,21,4,18,7,0,20,20,20,20,0,0,0,0,0,0,0,0,0,0,0,0
523,Female,43,1,2,1,6,6,6,5,5,4,4,0,0,0,0,0,0,0,0,0,0
524,Female,26,0,1,1,4,4,4,4,4,3,3,2,2,2,1,1,1,0,0,0,0
525,Female,26,0,2,3,4,4,4,4,3,3,2,2,2,1,1,1,0,0,0,0,0
526,Female,28,2,8,6,6,6,6,6,6,6,6,6,3,3,2,2,1,0,0,0,0
527,Female,30,1,7,7,0,0,0,0,0,0,0,0,0,5,0,0,0,0,0,0,0
528,Female,25,0,0,0,4,1,0,0,0,0,0,0,0,0,0,0,0,0,0,0,0
529,Female,40,20,39,23,10,10,10,10,10,10,10,10,7,5,3,1,1,1,1,0,0
530,Female,31,5,12,10,12,12,12,12,12,12,12,10,8,6,5,5,4,4,3,2,1
531,Female,27,0,2,3,1,0,0,1,0,1,0,1,0,0,0,0,0,0,0,0,0
532,Female,33,3,21,21,3,3,3,3,3,3,3,3,3,3,3,3,3,3,3,3,3
533,Female,33,1,0,0,0,0,1,1,0,0,0,1,0,0,0,0,0,0,0,0,0
534,Female,31,0,0,0,1,0,0,0,0,0,0,2,0,0,0,0,0,0,0,0,0
535,Female,31,0,0,0,10,10,8,8,8,6,5,4,4,3,2,0,0,0,0,0,0
536,Female,33,8,12,9,6,6,6,4,4,4,4,4,4,4,2,2,2,1,1,1,1
537,Female,28,3,9,9,1,2,1,1,2,4,2,11,2,3,2,3,4,2,2,3,1
538,Female,33,2,4,5,1,1,1,1,0,0,0,0,0,0,0,0,0,0,0,0,0
539,Female,38,4,21,13,10,10,10,10,10,10,10,10,8,8,6,6,5,5,4,3,2
540,Female,54,0,3,3,4,4,4,3,3,3,3,3,3,3,3,2,2,2,2,1,1
541,Female,29,25,42,14,6,6,6,6,6,6,6,6,2,2,1,1,0,0,0,0,0
542,Female,29,3,20,18,10,10,10,10,10,10,10,10,10,10,5,5,5,5,5,0,0
543,Female,33,0,3,3,5,5,5,5,5,4,4,3,3,2,2,2,2,2,2,1,1
544,Female,31,1,5,14,2,0,0,0,0,0,0,0,1,3,0,0,0,1,0,0,0
545,Female,25,2,6,8,10,10,10,10,8,8,7,6,5,5,4,4,3,2,2,1,0
546,Female,50,0,0,0,2,2,2,2,2,2,2,2,1,1,1,0,0,0,0,0,0
547,Female,26,10,10,9,10,10,8,8,6,6,5,2,1,0,0,0,0,0,0,0,0
548,Female,36,0,2,2,2,2,2,2,2,2,1,1,1,1,0,0,0,0,0,0,0
549,Female,25,1,9,10,2,4,1,5,1,1,1,3,5,2,2,1,1,1,0,2,2
550,Female,27,0,3,0,5,5,5,3,3,2,2,1,0,0,0,0,0,0,0,0,0
551,Female,35,1,1,1,5,5,5,5,5,5,5,5,3,3,3,2,2,2,2,1,1
552,Female,21,5,22,13,10,10,10,7,7,7,6,5,3,0,0,0,0,0,0,0,0
553,Female,55,0,3,6,3,3,3,3,3,3,3,3,3,3,3,2,2,1,1,0,0
554,Female,36,1,6,11,4,4,4,4,4,4,4,4,4,2,2,1,0,0,0,0,0
555,Female,24,0,1,1,4,4,4,4,4,4,4,4,3,3,2,1,1,1,1,0,0
556,Female,39,2,8,2,0,0,0,0,0,6,0,0,0,0,0,0,0,0,0,0,0
557,Female,25,0,3,2,2,2,2,2,0,0,0,0,0,0,0,0,0,0,0,0,0
558,Female,31,2,7,6,5,5,5,5,5,5,5,5,5,4,3,3,2,2,2,1,1
559,Female,35,0,0,0,7,7,7,7,6,6,5,4,3,2,2,1,0,0,0,0,0
560,Female,27,0,0,0,2,2,2,2,2,2,2,2,2,2,2,2,1,1,1,1,0
561,Female,30,0,0,0,4,4,3,1,0,0,0,0,0,0,0,0,0,0,0,0,0
562,Female,23,2,5,10,10,9,8,7,6,5,4,4,4,3,2,1,1,1,0,0,0
563,Female,39,0,0,0,3,3,3,3,3,3,3,3,3,3,2,2,2,0,0,0,0
564,Would rather not say,69,0,2,2,2,2,2,2,2,2,2,2,2,0,0,0,0,0,0,0,0
565,Female,31,0,0,0,10,10,10,10,8,7,6,5,4,3,2,1,0,0,0,0,0
566,Female,24,1,0,0,1,1,1,1,1,1,1,1,1,1,1,1,1,1,1,1,1
567,Female,34,10,16,16,8,8,8,6,6,5,5,4,4,3,3,2,1,1,0,0,0
568,Female,54,2,9,11,2,2,2,2,2,1,1,1,1,0,0,0,0,0,0,0,0
569,Female,27,3,7,37,7,7,7,7,7,7,7,6,5,4,4,3,3,2,2,0,0
570,Female,29,3,16,21,5,5,5,5,5,5,5,5,5,5,4,3,2,1,1,0,0
571,Female,24,4,7,11,6,6,6,5,5,5,5,4,3,3,3,2,2,2,1,1,1
572,Female,46,0,12,12,4,4,4,4,4,3,3,3,3,2,2,2,1,1,1,0,0
573,Female,24,0,1,2,5,1,1,1,0,0,0,0,0,0,0,0,0,0,0,0,0
574,Female,28,1,2,2,3,3,3,3,3,3,3,3,3,3,2,2,1,1,1,1,0
575,Female,27,1,6,4,5,5,5,5,5,5,5,5,4,3,2,2,1,1,1,1,0
576,Female,31,0,2,1,10,10,10,5,5,5,5,5,3,3,3,2,0,0,0,0,0
577,Female,24,10,18,14,6,6,6,6,6,6,6,6,6,5,5,4,3,2,1,0,0
578,Female,31,3,7,7,4,2,2,2,2,1,0,0,0,0,0,0,0,0,0,0,0
579,Female,45,20,35,36,10,10,10,10,10,10,7,6,5,5,4,4,3,3,3,2,1
580,Female,30,1,4,4,5,5,5,5,4,4,2,2,2,2,1,1,1,1,1,0,0
581,Female,42,0,0,0,4,4,4,3,3,3,2,2,2,2,1,1,1,1,0,0,0
582,Female,23,0,2,2,5,5,2,0,0,0,0,0,0,0,0,0,0,0,0,0,0
583,Female,54,0,7,8.5,3,3,3,3,3,3,3,3,3,2,2,2,2,2,1,1,1
584,Female,45,1,4,4,0,0,0,0,0,0,0,3,1,1,0,0,0,0,0,0,0
585,Female,25,5,11,11,8,8,8,8,8,8,8,7,5,4,2,2,0,0,0,0,0
586,Female,36,1,5,12,5,5,5,5,5,5,5,5,4,3,2,2,2,1,1,0,0
587,Female,19,0,0,0,2,2,2,2,2,2,2,2,2,2,2,1,1,1,1,0,0
588,Female,55,0,3,4,2,0,0,0,0,0,0,0,0,1,0,0,0,0,0,0,0
589,Female,27,3,12,6,7,7,7,7,7,7,7,7,7,6,5,5,5,5,4,2,1
590,Female,31,0,0,0,10,10,10,10,10,10,8,6,5,4,0,0,0,0,0,0,0
591,Female,27,2,6,9,5,5,5,5,5,5,5,5,4,3,2,1,1,1,1,0,0
592,Female,30,2,6,15,5,5,5,5,4,4,4,3,2,2,2,2,2,2,2,1,1
593,Female,36,5,7,10,6,6,6,6,6,6,6,6,6,6,6,6,5,5,1,1,0
594,Female,39,3,9,11,15,15,15,15,10,10,10,8,6,4,4,3,2,2,2,1,1
595,Female,33,2,12,9,15,15,15,15,15,10,9,8,7,6,5,4,3,2,2,1,1
596,Female,31,0,2,4,0,0,0,0,0,0,0,0,0,2,0,0,1,0,0,0,0
597,Female,34,3,21,17,10,10,10,10,10,10,10,2,2,2,2,2,2,2,2,0,0
598,Female,22,2,5,3,20,15,12,11,10,10,9,8,8,7,7,6,6,5,5,5,3
599,Female,25,0,3,2,8,8,8,8,8,8,8,7,6,5,4,3,3,2,2,0,0
600,Female,26,2,30,13,10,10,10,10,10,10,10,10,10,7,7,7,6,4,4,3,2
601,Female,28,1,3,2,5,4,2,1,1,0,0,0,0,0,0,0,0,0,0,0,0
602,Female,64,0,1,1,0,0,0,0,0,0,0,0,2,0,0,0,0,0,0,0,0
603,Female,26,3,16,28,2,4,4,4,4,4,4,4,4,4,2,2,2,2,2,0,0
604,Female,52,0,0,0,1,0,0,0,0,0,0,0,0,0,0,0,0,0,0,0,0
605,Female,35,0,1,1,4,4,4,4,4,4,4,4,3,3,3,2,1,1,1,0,0
606,Female,28,1,11,8,5,5,5,5,4,3,3,2,2,2,1,1,1,1,1,0,0
607,Female,28,1,10,7,0,0,0,0,0,0,9,0,0,0,0,0,0,0,0,0,0
608,Female,26,0,3,6,0,0,0,0,0,1,0,0,1,0,0,1,0,0,0,0,0
609,Female,48,5,22,15,6,5,5,5,5,5,5,5,4,3,3,2,2,2,1,0,0
610,Female,28,1,3,6,7,5,5,5,5,5,5,5,4,4,4,4,4,3,2,1,0
611,Female,36,0,6,6,2,2,2,2,2,2,2,2,2,2,2,2,0,0,0,0,0
612,Female,32,1,0,0,6,5,4,3,2,1,0,0,0,0,0,0,0,0,0,0,0
613,Female,28,3,10,5,0,0,0,0,0,3,0,0,0,3,0,0,0,0,2,0,0
614,Female,47,3,12,10,6,6,6,6,6,6,6,6,5,5,4,4,2,2,2,2,2
615,Female,31,1,25,10,20,20,20,20,15,15,10,10,5,2,0,0,0,0,0,0,0
616,Female,70,1,9,8,5,5,5,5,5,5,5,5,5,4,4,3,3,3,2,0,0
617,Female,40,3,11,15,10,8,8,7,7,7,7,7,7,7,6,6,5,5,5,2,2
618,Female,49,5,15,15,10,10,10,10,10,10,10,10,0,0,0,0,0,0,0,0,0
619,Female,49,1,6,7,5,5,5,5,5,5,5,5,4,3,3,3,2,1,1,0,0
620,Female,44,0,0,0,3,3,3,3,3,3,3,2,1,1,0,0,0,0,0,0,0
621,Female,29,3,12,8,5,5,5,5,5,5,5,5,5,4,4,4,3,2,2,0,0
622,Female,NA,0,10,9,4,4,2,2,2,2,2,2,2,2,1,1,1,0,0,0,0
623,Female,34,1,2,4,8,5,3,2,2,1,0,0,0,0,0,0,0,0,0,0,0
624,Female,37,5,17,16,5,5,5,5,5,5,5,5,5,4,4,3,2,2,2,1,1
625,Female,39,0,4,6,3,3,3,3,3,3,3,3,3,3,3,3,3,2,2,1,1
626,Female,53,0,3,7,2,1,0,0,0,0,0,0,0,0,0,0,0,0,0,0,0
627,Female,45,0,7,13,5,5,5,5,5,5,5,5,5,5,5,3,2,2,1,1,0
628,Female,64,2,9,15,20,4,4,1,1,0,0,0,0,0,0,0,0,0,0,0,0
629,Female,33,0,0,0,1,1,1,1,1,1,1,1,0,0,0,0,0,0,0,0,0
630,Female,35,1,5,5,6,6,6,5,5,5,5,4,4,4,3,2,2,2,2,0,0
631,Female,30,0,0,0,2,0,0,0,0,0,0,0,0,0,0,0,0,0,0,0,0
632,Female,29,0,0,0,6,6,6,6,6,6,6,5,4,3,1,0,0,0,0,0,0
633,Female,26,1,5,7,6,5,5,5,5,5,5,5,5,5,4,4,3,3,2,1,0
634,Female,34,0,4,2,0,0,0,0,0,0,0,0,0,0,0,0,0,0,0,0,0
635,Female,56,0,6,8,2,0,0,1,0,0,0,0,0,1,0,0,0,0,0,0,0
636,Female,38,4,19,18.5,15,15,15,15,15,15,15,15,10,10,8,8,5,5,4,0,0
637,Female,30,2,6,3,5,5,5,4,4,3,3,2,2,2,1,1,1,0,0,0,0
638,Female,38,2,7,4,5,5,5,5,5,4,4,3,3,0,0,0,0,0,0,0,0
639,Female,30,1,5,1,1,4,2,1,1,0,0,0,0,0,0,0,0,0,0,0,0
640,Female,38,2,9,9,3,3,3,3,3,3,3,3,3,3,3,2,2,2,2,1,1
641,Female,33,1,5,3,9,7,7,7,7,6,6,5,5,5,3,3,3,0,0,0,0
642,Female,32,5,14,16,10,10,10,9,9,9,9,8,8,6,6,5,4,4,3,2,1
643,Female,31,4,7,6,8,8,8,8,8,8,8,8,8,8,8,0,0,0,0,0,0
644,Female,31,0,2,2,3,3,3,3,3,3,3,2,2,2,2,1,1,1,1,1,1
645,Female,66,0,7,10,0,0,0,0,0,0,3,1,1,0,0,0,0,0,0,0,0
646,Female,32,0,5,5,6,5,5,5,5,5,5,5,4,4,3,2,2,0,0,0,0
647,Female,47,0,1,1,3,2,2,2,2,2,2,2,2,2,1,1,1,1,1,0,0
648,Female,65,0,2,2,2,2,2,2,2,2,2,2,2,1,1,0,0,0,0,0,0
649,Female,31,1,4,2,8,8,8,8,8,8,8,7,5,4,4,3,3,2,2,1,1
650,Female,31,2,25,34,7,7,7,7,7,7,7,7,5,2,1,1,0,0,0,0,0
651,Female,35,0,1,1,5,5,5,5,5,5,5,4,3,2,1,1,1,1,1,0,0
652,Female,21,0,2,1,3,3,3,3,2,2,2,2,1,1,1,1,1,1,1,1,1
653,Female,27,0,4,6,10,10,10,10,8,8,6,6,4,4,3,3,3,2,2,1,1
654,Female,27,1,9,7,5,3,3,3,3,3,3,3,3,3,2,2,2,1,1,0,0
655,Female,34,1,6,5,7,7,7,7,7,7,7,7,5,5,3,3,2,2,1,1,0
656,Female,61,0,1,2,2,2,2,2,2,2,2,2,2,2,2,1,1,1,1,0,0
657,Female,25,6,9,12,6,6,6,6,6,5,5,4,3,3,2,2,1,1,0,0,0
658,Female,44,0,0,0,4,4,4,4,4,4,4,4,4,4,3,3,2,2,1,1,0
659,Female,45,10,19,16,7,7,7,7,7,7,7,7,6,5,5,4,3,3,3,1,0
660,Female,54,0,3,1,0,0,0,0,0,0,0,0,0,0,1,0,0,1,0,0,0
661,Female,28,5,16,19,5,5,5,5,5,5,5,5,5,5,5,5,5,4,2,2,1
662,Female,32,1,2,1,5,5,5,5,5,5,5,4,3,3,2,2,2,1,1,1,1
663,Female,31,1,2,3,3,3,3,3,3,3,3,3,3,2,2,2,1,1,1,0,0
664,Female,35,0,0,0,2,2,2,2,2,2,2,2,2,1,1,1,0,0,0,0,0
665,Female,23,2,4,1,4,4,4,4,4,2,2,2,1,1,0,0,0,0,0,0,0
666,Female,45,0,4,4,1,0,0,0,0,0,0,0,0,2,0,0,0,0,0,0,0
667,Female,29,0,7,7,3,3,3,3,3,3,3,2,2,2,2,2,1,1,1,0,0
668,Female,24,2,7,13,0,0,0,0,0,0,0,0,0,3,0,2,0,0,0,0,0
669,Female,30,0,7,8,4,4,4,4,3,3,3,3,2,2,2,1,1,1,1,1,1
670,Female,42,0,0,0,0,0,0,0,0,0,0,0,0,0,0,0,0,0,0,0,0
671,Female,37,0,4,8,5,5,5,5,4,4,4,2,2,2,1,1,1,1,1,0,0
672,Female,30,0,0,0,10,10,8,5,5,5,5,5,5,4,4,1,1,1,1,0,0
673,Female,25,2,4,10,0,0,0,0,0,1,0,0,3,0,1,0,0,0,0,0,0
674,Female,35,0,0,0,1,0,0,0,0,2,2,0,0,0,0,0,0,0,0,0,0
675,Female,37,0,2,2,2,2,2,2,2,2,2,1,0,0,0,0,0,0,0,0,0
676,Female,40,2,10,6,15,15,15,15,12,12,12,10,10,8,5,5,0,0,0,0,0
677,Female,38,0,0,0,3,3,3,3,3,3,2,2,1,1,1,0,0,0,0,0,0
678,Female,30,0,0,0,5,5,5,4,3,2,2,1,1,1,0,0,0,0,0,0,0
679,Female,35,1,8,4,6,6,6,6,6,5,5,4,4,4,3,3,3,2,1,0,0
680,Female,25,1,4,7,0,0,0,0,0,0,0,0,0,0,0,1,0,0,0,0,0
681,Female,37,0,3,5,4,4,4,3,3,2,2,1,1,0,0,0,0,0,0,0,0
682,Female,36,0,2,2,2,2,2,2,2,2,2,2,2,0,0,0,0,0,0,0,0
683,Female,26,4,1,1,0,0,0,0,1,0,0,3,0,1,1,0,0,0,0,0,0
684,Female,47,0,2,1,2,2,2,1,1,1,1,1,1,1,1,0,0,0,0,0,0
685,Female,38,5,15,11,0,0,0,0,0,0,0,0,0,0,10,0,0,0,0,0,0
686,Female,32,0,2,2,2,2,2,2,2,2,2,2,2,2,2,2,1,1,1,0,0
687,Female,25,12,22,9,15,2,2,0,0,0,0,0,0,0,0,0,0,0,0,0,0
688,Female,27,1,3,3,5,4,2,2,2,2,2,2,2,2,2,2,2,2,2,1,0
689,Female,40,1,4,6,0,0,0,0,0,0,0,0,0,0,3,0,0,0,0,0,0
690,Female,42,1,18,31,0,0,0,0,0,0,0,3,2,0,0,0,0,0,0,0,0
691,Female,36,0,4,6,2,2,2,2,2,2,2,2,2,2,2,2,2,2,2,2,0
692,Female,44,0,2,5,3,0,0,0,0,0,0,0,2,0,0,0,0,0,0,0,0
693,Female,49,0,0,0,4,4,4,4,4,4,3,3,3,2,2,2,1,1,1,1,1
694,Female,37,2,4,4,10,10,10,10,9,8,8,7,6,5,3,3,2,2,2,1,1
695,Female,29,10,20,18,8,8,8,8,8,7,7,7,5,5,3,3,1,1,1,1,1
696,Female,57,1,6,6,0,0,0,0,0,0,0,1,0,3,0,0,2,0,0,0,0
697,Female,54,0,0,0,4,4,4,4,3,3,3,3,3,2,2,1,1,1,1,0,0
698,Female,30,0,1,1,2,1,0,0,0,0,0,0,0,1,1,0,0,0,0,0,0
699,Female,25,4,7,7,3,3,3,3,3,3,1,1,1,1,1,1,0,0,0,0,0
700,Female,40,1,6,4,7,7,7,7,7,7,7,7,5,4,3,2,1,0,0,0,0
701,Female,55,0,0,0,3,3,3,3,3,3,3,3,3,3,2,2,1,1,0,0,0
702,Female,27,0,2,3,3,3,3,3,3,3,3,3,3,3,3,3,3,2,2,2,1
703,Female,23,1,5,6,1,1,1,1,1,0,0,0,0,0,0,0,0,0,0,0,0
704,Female,25,3,23,16,10,10,10,10,9,9,8,7,7,4,3,3,2,2,2,1,1
705,Female,50,0,0,0,8,8,8,8,8,8,8,5,5,5,5,4,4,3,2,0,0
706,Female,34,0,1,1,0,0,0,3,0,0,0,0,0,0,0,0,0,0,0,0,0
707,Female,37,0,1,5,1,1,1,1,1,1,1,1,1,1,1,0,0,0,0,0,0
708,Female,50,0,0,0,5,5,5,5,5,5,5,3,3,2,2,2,1,1,1,0,0
709,Female,26,0,2,2,10,10,10,10,10,10,5,5,5,4,3,3,0,0,0,0,0
710,Female,23,10,8,4,15,10,10,10,10,10,7,7,5,5,3,3,2,2,0,0,0
711,Female,46,1,3,3,5,5,5,5,5,4,4,3,2,1,1,1,1,1,1,0,0
712,Female,38,0,1,1,2,2,2,2,1,1,0,0,0,0,0,0,0,0,0,0,0
713,Female,63,0,3,4,4,4,4,4,4,4,4,3,3,3,3,2,2,2,2,2,1
714,Female,27,5,24,10,10,10,10,10,10,10,7,6,6,4,3,3,2,2,1,1,0
715,Female,23,0,0,0,1,0,0,0,0,0,0,0,0,0,0,0,0,0,0,0,0
716,Female,36,3,12,13,6,6,6,6,6,6,6,6,5,5,4,3,2,2,1,0,0
717,Female,28,0,0,0,4,4,4,4,4,4,4,4,3,3,3,2,2,2,1,1,0
718,Female,33,0,0,0,2,2,1,1,1,1,0,0,0,0,0,0,0,0,0,0,0
719,Female,29,2,2,3,1,1,1,0,0,1,1,1,1,1,1,0,0,0,0,0,0
720,Female,31,1,2,2,0,0,0,5,0,0,0,0,2,0,0,1,0,0,0,0,0
721,Female,26,0,0,0,0,0,0,0,0,0,0,0,0,3,0,0,0,0,0,0,0
722,Female,50,0,4,4,10,8,8,8,6,5,5,4,4,4,4,3,3,3,3,2,1
723,Female,30,1,1,1,6,7,8,6,5,4,4,3,1,2,0,NA,1,0,0,0,0
724,Female,59,4,17,49,5,0,0,0,0,0,0,0,0,0,0,0,0,0,0,0,0
725,Female,22,0,0,0,3,3,2,2,2,2,2,2,2,1,1,1,0,0,0,0,0
726,Female,50,3,8,7,6,5,5,5,4,4,3,3,2,1,1,1,1,1,1,0,0
727,Female,25,2,4,8,15,12,11,10,9,8,8,7,6,5,4,3,2,1,1,0,0
728,Female,41,0,1,1,1,0,0,0,0,0,0,0,0,0,1,0,0,0,1,0,0
729,Female,54,30,33,48,10,10,10,10,10,10,10,8,7,5,5,5,4,3,3,2,2
730,Female,44,2,6,10,6,6,5,5,5,5,5,5,4,3,3,2,2,1,1,1,1
731,Female,54,2,6,8,0,0,0,0,0,0,0,0,1,0,3,0,0,0,0,0,0
732,Female,24,0,2,0.25,10,8,6,6,6,6,4,4,3,2,1,0,0,0,0,0,0
733,Female,28,1,2,2,1,1,1,1,1,1,1,0,0,0,0,0,0,0,0,0,0
734,Female,44,5,23,36,6,6,6,6,4,4,4,4,3,3,3,2,2,2,1,1,1
735,Female,34,0,0,0,2,0,0,1,0,0,0,0,0,0,0,0,0,0,0,0,0
736,Female,31,1,8,12,2,0,0,2,0,1,0,1,0,1,0,0,0,0,0,0,0
737,Female,46,0,0,0,2,2,2,2,2,0,0,0,0,0,0,0,0,0,0,0,0
738,Female,54,0,2,2,2,2,2,2,2,2,2,2,1,1,1,1,0,0,0,0,0
739,Female,22,2,6,6,7,7,7,7,7,7,7,7,7,7,7,6,6,5,5,3,2
740,Female,32,0,3,2,3,3,3,3,3,3,3,3,3,3,3,2,2,2,2,1,1
741,Female,46,0,0,0,5,5,5,5,5,5,5,5,4,3,3,2,2,2,2,0,0
742,Female,39,0,4,36,4,4,4,4,4,4,4,3,3,3,3,3,3,3,3,2,0
743,Female,38,1,5,8,5,5,4,4,4,3,2,2,2,1,1,1,1,0,0,0,0
744,Female,37,0,4,4,0,0,0,0,0,0,0,1,1,0,1,0,0,0,0,0,0
745,Female,32,8,15,15,10,10,8,8,7,7,7,7,6,5,4,0,0,0,0,0,0
746,Female,36,0,0,0,4,4,4,4,4,4,4,3,3,2,1,1,1,1,0,0,0
747,Female,29,3,6,13,3,2,2,1,0,0,0,0,0,0,0,0,0,0,0,0,0
748,Female,34,0,0,0,1,1,1,0,0,0,0,0,0,0,0,0,0,0,0,0,0
749,Female,25,0,7,8,3,3,3,3,3,2,2,2,1,1,1,1,0,0,0,0,0
750,Female,36,0,0,0,6,6,6,6,6,6,5,4,3,3,0,0,0,0,0,0,0
751,Female,24,1,6,10,3,3,3,3,3,3,3,2,2,1,0,0,0,0,0,0,0
752,Female,25,1,0,0,5,5,5,5,4,4,4,4,3,3,2,2,1,1,1,1,0
753,Female,60,2,14,22,3,3,3,3,3,3,3,3,3,3,3,2,2,2,1,0,0
754,Female,21,0,0,0,8,8,8,8,8,8,6,5,4,4,3,1,1,1,1,0,0
755,Female,59,1,5,5,2,0,0,0,3,0,0,0,0,0,0,0,0,0,0,0,0
756,Female,25,0,4,3,3,3,3,3,3,3,2,2,2,2,2,2,1,1,0,0,0
757,Female,37,0,4,10,0,0,0,0,0,0,0,0,2,0,1,0,0,0,0,0,0
758,Female,33,2,5,4,5,5,5,5,5,5,5,4,4,3,3,3,2,2,2,2,1
759,Female,59,3,11,9,10,10,10,8,8,7,7,5,5,3,3,2,2,1,1,1,1
760,Female,50,3,6,7,5,5,5,5,5,5,5,5,5,5,5,5,4,4,3,2,2
761,Female,36,0,2,1,2,2,2,2,2,2,2,1,1,1,1,1,0,0,0,0,0
762,Female,38,3,10,12,6,6,6,6,5,5,5,4,4,4,4,3,3,2,2,1,1
763,Female,36,0,2,2,0,0,0,0,0,0,0,0,0,2,0,0,0,0,0,0,0
764,Female,43,0,2,4,3,3,3,3,3,3,3,3,3,0,0,0,0,0,0,0,0
765,Female,37,4,12,14,10,10,10,10,10,10,8,8,8,6,5,4,3,2,2,0,0
766,Female,26,1,2,1,2,1,1,1,0,0,0,0,0,0,0,0,0,0,0,0,0
767,Female,38,0,7,12,2,2,0,1,0,0,0,0,0,1,0,0,0,0,0,0,0
768,Female,24,2,10,6,10,10,10,9,9,7,6,5,5,5,4,4,2,1,0,0,0
769,Female,45,0,2,4,1,1,1,0,0,0,0,0,0,0,0,0,0,0,0,0,0
770,Female,56,4,14,26,4,5,7,5,4,2,2,2,2,1,1,1,1,0,0,0,0
771,Female,42,0,2,2,1,3,0,0,0,0,0,0,0,0,0,0,0,0,0,0,0
772,Female,41,0,4,2,6,6,5,5,5,5,5,5,4,4,4,4,3,2,2,1,1
773,Female,44,0,1,1,4,0,0,0,0,0,0,2,0,0,0,0,0,0,0,0,0
774,Female,29,2,10,8,8,8,8,8,8,7,7,6,6,5,5,4,4,3,2,1,0
775,Female,33,0,0,0,4,4,4,4,3,3,2,2,1,0,0,0,0,0,0,0,0
776,Female,27,1,4,5,5,5,4,4,3,3,2,2,0,0,0,0,0,0,0,0,0
777,Female,25,8,10,8,10,9,8,7,6,6,5,5,4,4,2,2,2,2,2,1,1
778,Female,39,3,6,3,7,0,0,0,0,0,0,0,0,0,0,0,0,0,0,0,0
779,Female,31,0,1,1,8,8,8,8,7,7,7,7,6,6,5,5,4,4,3,2,2
780,Female,27,2,7,7,5,5,5,5,5,5,5,5,3,3,3,3,3,3,3,0,0
781,Female,44,4,18,18,6,6,6,6,6,6,6,4,3,0,0,0,0,0,0,0,0
782,Female,41,0,2,2,4,4,4,4,4,4,4,4,3,2,2,1,1,0,0,0,0
783,Female,36,0,0,0,1,0,0,0,0,0,0,0,0,2,0,0,0,0,0,0,0
784,Female,21,1,4,6,5,1,1,1,0,0,0,0,0,0,0,0,0,0,0,0,0
785,Female,54,0,0,0,10,10,5,0,0,0,0,0,0,0,0,0,0,0,0,0,0
786,Female,29,0,3,3,5,5,5,5,5,5,5,5,5,5,5,5,0,0,0,0,0
787,Female,53,0,0,0,4,4,4,4,4,4,4,3,0,0,0,0,0,0,0,0,0
788,Female,55,0,2,4,3,2,2,2,2,2,2,2,1,1,1,0,0,0,0,0,0
789,Female,33,1,1,0,8,8,8,8,8,8,8,8,8,8,6,6,5,5,5,3,2
790,Female,23,0,4,6,8,8,6,6,5,5,4,3,3,2,2,2,1,0,0,0,0
791,Female,24,1,0,0,5,5,5,5,5,5,5,5,5,5,3,2,1,0,0,0,0
792,Female,48,0,3,3,5,5,5,5,4,3,2,2,1,1,1,1,1,0,0,0,0
793,Female,33,0,0,0,1,0,0,0,0,0,0,0,0,0,0,0,0,0,0,0,0
794,Female,22,1,6,6,5,5,5,5,5,5,4,4,3,3,2,2,1,1,1,0,0
795,Female,22,10,12,20,5,5,5,5,5,5,5,5,5,5,5,5,5,5,2,0,0
796,Female,32,10,22,29,10,8,6,5,5,5,5,4,4,4,3,2,1,1,0,0,0
797,Female,29,20,33,25,7,7,7,7,7,6,6,6,6,5,4,3,2,2,2,1,1
798,Female,22,5,6,9,8,8,7,7,6,6,5,4,4,4,4,4,4,3,3,2,1
799,Female,37,1,1,4,4,4,4,4,4,4,4,4,4,3,3,2,2,1,1,1,0
800,Female,46,0,1,2,2,1,1,1,1,1,1,0,0,0,0,0,0,0,0,0,0
801,Female,47,4,8,6,8,8,8,8,8,8,8,6,5,4,4,2,2,1,0,0,0
802,Female,23,3,8,7,5,5,5,5,4,3,3,2,2,1,1,1,0,0,0,0,0
803,Female,43,1,9,11,5,5,5,5,5,2,2,2,1,1,0,0,0,0,0,0,0
804,Female,24,1,6,5,20,20,17,15,10,5,5,3,1,1,1,0,0,0,0,0,0
805,Female,42,1,4,4,5,5,5,5,5,5,5,3,3,2,2,2,2,2,2,1,1
806,Female,45,0,5,0,5,4,4,4,3,2,2,2,2,1,0,0,0,0,0,0,0
807,Female,27,0,2,2,5,0,0,0,0,5,0,0,0,0,0,0,0,0,0,0,0
808,Female,31,4,14,12,7,7,7,7,7,7,7,6,5,5,5,4,4,3,3,1,1
809,Female,35,1,3,6,4,4,4,4,4,4,4,3,3,2,1,0,0,0,0,0,0
810,Female,23,2,3,2,5,5,4,3,2,1,1,1,1,0,0,0,0,0,0,0,0
811,Female,32,0,2,1,4,4,4,4,4,3,3,3,2,2,2,1,1,1,0,0,0
812,Female,30,4,12,8,15,15,7,7,7,6,6,4,3,2,2,2,2,1,0,0,0
813,Female,33,2,3,4,5,5,5,5,5,5,5,5,4,3,2,2,1,1,1,0,0
814,Female,25,1,5,5,8,8,8,8,8,8,8,8,7,7,6,6,4,4,2,0,0
815,Female,35,4,17,37,10,10,10,10,10,10,10,8,6,5,4,3,2,2,2,1,1
816,Female,23,2,7,7,2,1,1,0,0,0,0,0,0,0,0,0,0,0,0,0,0
817,Female,26,1,25,40,4,4,4,4,4,4,4,4,3,2,2,2,1,1,1,1,0
818,Female,29,1,7,7,8,8,8,8,8,8,8,8,6,6,5,4,3,2,1,0,0
819,Female,32,0,2,2,6,6,6,6,4,4,2,2,2,0,0,0,0,0,0,0,0
820,Female,54,1,3,6,5,5,5,5,5,5,5,4,3,3,2,1,0,0,0,0,0
821,Female,24,0,2,2,6,6,6,6,6,6,6,6,5,4,4,2,2,1,1,0,0
822,Female,28,20,55,30,1,15,15,15,15,15,15,15,15,6,5,2,1,1,1,0,0
823,Female,51,0,4,2,5,5,5,5,4,3,3,3,2,2,1,1,1,1,1,0,0
824,Female,21,0,0,0,3,3,3,5,2,2,3,2,2,0,0,2,0,0,0,0,0
825,Female,37,2,3,3,6,7,8,3,3,2,0,0,0,0,0,0,0,0,0,0,0
826,Female,30,3,10,15,4,4,4,4,4,4,4,4,4,4,4,4,3,3,3,2,0
827,Female,27,2,7,9,3,0,0,0,0,0,0,2,0,5,0,0,0,0,0,0,0
828,Female,32,3,4,3,12,12,12,12,12,10,10,10,8,8,8,6,6,5,3,2,2
829,Female,48,10,14,14,6,6,6,6,6,6,6,6,6,6,6,5,4,4,2,0,0
830,Female,57,2,12,17,1,1,1,1,0,0,0,0,0,0,0,0,0,0,0,0,0
831,Female,34,0,2,3,2,0,0,0,0,6,0,0,0,0,0,0,0,0,0,0,0
832,Female,32,0,4,10,3,0,0,0,0,0,0,0,0,0,0,0,0,0,0,0,0
833,Female,25,10,20,14,10,10,10,10,10,10,10,8,7,6,5,4,3,1,1,0,0
834,Female,47,30,62,35,7,7,7,7,7,7,6,5,4,3,2,2,0,0,0,0,0
835,Female,59,0,1,1,3,3,3,3,3,3,3,3,3,2,2,0,0,0,0,0,0
836,Female,27,1,1,1,10,10,10,10,10,8,8,6,6,5,5,4,4,3,2,2,1
837,Female,24,1,4,4,6,6,6,6,6,6,6,5,4,4,3,3,2,1,0,0,0
838,Female,34,6,15,16,8,6,6,6,6,6,6,5,4,4,4,2,2,0,0,0,0
839,Female,29,1,7,7,6,6,6,6,6,6,5,5,4,3,3,3,2,0,0,0,0
840,Female,27,8,7,11,5,5,5,5,5,5,4,3,1,1,1,0,0,0,0,0,0
841,Female,25,0,0,0,4,4,4,3,2,2,1,1,0,0,0,0,0,0,0,0,0
842,Female,44,0,3,3,10,2,2,2,2,2,2,0,0,0,0,0,0,0,0,0,0
843,Female,34,0,2,2,0,0,0,0,8,0,0,0,0,0,0,0,0,0,0,0,0
844,Female,30,0,2,2,5,5,5,5,5,5,4,4,4,3,3,2,2,1,1,1,1
845,Female,33,2,6,7,6,6,6,6,6,6,6,6,5,4,3,3,2,2,0,0,0
846,Female,51,0,4,4,3,3,3,3,3,2,2,2,2,1,1,1,1,0,0,0,0
847,Female,25,0,1,2,0,0,0,0,0,0,0,0,0,0,2,0,0,0,0,0,0
848,Female,31,0,0,0,5,5,5,5,5,4,4,3,2,1,0,0,0,0,0,0,0
849,Female,24,0,2,2,5,5,5,5,5,5,5,4,4,4,3,3,2,2,2,1,1
850,Female,28,2,5,6,5,5,5,5,5,5,5,5,4,4,3,3,3,2,2,2,1
851,Female,46,0,2,1,10,10,10,10,10,8,8,7,6,5,5,4,4,1,0,0,0
852,Female,41,0,0,0,5,5,5,5,5,5,5,5,5,5,5,3,2,0,0,0,0
853,Female,48,1,10,11,10,15,15,13,12,5,5,4,3,3,3,3,3,3,2,2,2
854,Female,45,1,4,4,5,5,5,5,5,4,4,4,3,3,1,1,1,0,0,0,0
855,Female,31,0,0,0,5,4,2,1,0,0,0,0,0,0,0,0,0,0,0,0,0
856,Female,41,0,1,3,2,2,2,2,2,2,2,2,2,2,2,0,0,0,0,0,0
857,Female,34,0,4,5,2,2,2,2,2,2,2,2,2,1,1,1,0,0,0,0,0
858,Female,66,0,4,8,4,4,4,4,4,4,4,3,3,3,3,2,2,2,1,1,1
859,Female,22,0,2,8,3,3,3,3,3,3,2,2,2,2,2,2,1,1,0,0,0
860,Female,28,3,10,8,3,3,3,2,2,1,1,1,1,0,0,0,0,0,0,0,0
861,Female,50,0,3,6,3,3,3,3,3,3,3,3,3,3,2,0,0,0,0,0,0
862,Female,35,2,10,6,10,10,8,7,7,6,6,5,4,3,2,1,1,1,0,0,0
863,Female,NA,3,2,2,5,5,5,5,5,5,5,5,2,2,2,2,1,1,1,0,0
864,Female,51,0,0,0,2,2,2,2,2,2,2,2,1,1,1,1,0,0,0,0,0
865,Female,28,2,5,4,9,8,7,6,5,4,3,2,1,0,0,0,0,0,0,0,0
866,Female,35,6,10,12,5,5,5,5,5,5,5,5,5,5,5,4,4,3,3,2,1
867,Female,56,0,2,2,2,2,2,2,2,2,2,2,2,1,1,1,1,1,1,0,0
868,Female,28,1,14,14,5,5,5,5,5,5,5,5,5,4,4,3,3,2,2,0,0
869,Female,55,0,3,2,5,5,5,5,4,4,4,4,3,2,2,1,1,0,0,0,0
870,Female,30,1,9,11,3,3,3,3,3,3,3,3,3,3,2,2,2,2,1,1,0
871,Female,34,1,3,4,6,6,6,6,4,3,3,2,2,2,2,2,1,1,1,0,0
872,Female,23,0,7,9,7,5,5,5,5,5,5,5,5,2,2,2,2,1,1,0,0
873,Female,50,0,9,7,2,2,2,2,2,2,2,2,2,1,1,1,0,0,0,0,0
874,Female,48,4,11,12,8,8,8,8,8,8,8,7,6,5,4,3,3,2,2,1,1
875,Female,34,1,4,4,2,2,2,2,2,2,2,2,2,2,2,2,2,2,2,1,1
876,Female,31,6,14,10,6,6,6,6,6,6,6,5,5,5,5,3,3,2,2,1,1
877,Female,54,12,42,78,10,5,4,4,2,2,2,2,2,2,1,1,1,0,0,0,0
878,Female,32,0,15,6,10,10,10,10,10,10,0,0,0,0,0,0,0,0,0,0,0
879,Female,51,0,5,8,8,8,8,8,8,8,7,7,6,6,5,5,4,4,3,2,1
880,Female,23,2,11,11,5,5,5,5,5,5,4,4,3,3,3,2,2,2,1,1,0
881,Female,35,1,8,24,10,10,10,10,10,8,6,5,4,3,2,2,2,1,0,0,0
882,Female,27,0,3,5,2,2,2,2,2,2,2,2,1,1,1,0,0,0,0,0,0
883,Female,22,2,22,17,10,10,10,10,10,10,10,10,10,9,8,8,7,6,6,4,3
884,Female,38,0,0,0,2,2,2,2,2,2,2,2,2,2,2,1,1,1,1,0,0
885,Female,34,3,10,9,9,9,9,9,9,9,9,8,8,3,2,1,0,0,0,0,0
886,Female,44,0,6,7,5,5,5,5,5,5,5,5,5,4,4,3,2,2,2,1,1
887,Female,24,0,0,0,2,2,1,3,1,0,0,0,0,0,0,0,0,0,0,0,0
888,Female,30,4,10,14,10,10,10,9,9,6,6,6,5,4,3,1,1,1,0,0,0
889,Female,31,0,0,0,2,2,2,2,2,2,2,2,1,0,0,0,0,0,0,0,0
890,Female,30,1,7,10,3,3,3,3,3,3,3,3,2,2,2,1,1,1,1,0,0
891,Female,55,0,2,2,3,3,3,3,3,3,3,3,3,2,2,2,1,0,0,0,0
892,Female,40,0,6,10,5,5,5,5,5,5,5,5,4,4,4,3,2,2,1,0,0
893,Female,45,0,3,2,5,5,5,5,5,5,4,4,3,3,2,2,0,0,0,0,0
894,Female,42,0,1,1,5,5,5,5,5,5,5,5,5,5,4,4,3,3,2,2,1
895,Female,31,0,3,3,0,0,0,0,0,0,0,0,0,0,0,1,0,1,0,0,0
896,Female,42,0,8,8,3,3,3,3,3,3,3,3,3,3,2,2,2,1,1,0,0
897,Female,29,8,16,17,6,6,6,6,6,6,6,5,5,4,2,1,1,0,0,0,0
898,Female,29,1,2,3,8,8,8,8,8,8,8,8,5,4,3,2,2,1,1,0,0
899,Female,26,2,12,11,15,15,15,15,15,12,12,8,5,5,5,4,4,4,3,1,1
900,Female,51,0,2,2,6,6,6,6,6,6,6,6,6,6,4,3,3,2,2,0,0
901,Female,28,0,1,1,3,3,3,3,3,3,3,3,3,2,2,1,1,1,1,0,0
902,Female,40,0,3,3,5,5,5,5,5,5,5,4,3,3,2,1,1,0,0,0,0
903,Female,37,10,22,24,6,6,6,6,6,5,5,5,5,4,4,4,3,0,0,0,0
904,Female,42,6,18,37,7,7,7,7,7,7,7,7,7,7,6,5,4,3,2,1,1
905,Female,25,0,3,3,15,15,15,15,15,10,10,10,10,9,6,4,4,2,1,0,0
906,Female,19,2,7,8,20,20,20,20,15,13,12,10,10,7,5,5,5,5,5,4,1
907,Female,27,2,11,8,7,7,7,7,6,6,6,5,5,4,4,4,3,3,2,2,2
908,Female,32,25,20,28,7,7,7,7,5,5,5,5,5,4,4,4,3,3,1,0,0
909,Female,43,2,2,4,10,10,6,5,4,5,3,3,2,2,1,1,1,1,0,0,0
910,Female,21,0,2,2,3,3,3,2,2,2,2,2,1,1,1,0,0,0,0,0,0
911,Female,27,1,4,4,5,5,5,5,5,5,5,5,5,5,5,4,4,4,3,1,1
912,Female,41,20,40,33,8,8,8,8,8,8,8,8,8,4,2,1,0,0,0,0,0
913,Female,50,2,19,58,10,10,10,10,8,5,5,5,5,3,3,3,0,0,0,0,0
914,Female,28,0,4,8,5,5,5,5,5,5,4,4,3,3,3,2,2,2,2,1,1
915,Female,36,0,11,11,0,0,0,0,0,0,0,3,3,0,0,0,0,0,0,0,0
916,Female,34,2,7,9,6,6,6,5,4,3,3,3,3,3,2,2,2,2,2,1,1
917,Female,39,0,0,0,0,0,0,0,0,0,0,0,0,0,0,0,0,0,0,0,0
918,Female,21,0,0,0,1,1,1,1,1,1,1,1,0,0,0,0,0,0,0,0,0
919,Female,65,1,6,7,5,5,5,5,5,5,5,5,5,3,3,3,2,2,2,1,1
920,Female,57,0,8,10,0,0,0,0,0,0,0,0,0,0,0,0,0,0,0,0,0
921,Female,33,0,0,0,1,0,0,0,0,0,0,0,0,0,2,0,0,0,0,0,0
922,Female,50,1,7,7,7,6,6,6,6,6,6,6,5,5,4,4,3,2,2,1,0
923,Female,35,1,10,10,0,0,0,0,0,0,0,0,1,0,2,0,1,0,0,0,0
924,Female,48,0,2,3,3,3,3,3,3,3,3,3,3,3,2,2,2,1,1,1,1
925,Female,36,1,6,7,4,4,4,4,4,4,4,4,4,4,3,2,2,2,1,0,0
926,Female,23,0,4,2,3,3,3,3,3,3,3,2,2,1,1,1,1,1,1,0,0
927,Female,29,1,3,3,5,0,0,0,0,0,0,0,0,0,0,0,0,0,0,0,0
928,Female,43,1,4,4,6,6,6,6,6,6,6,6,6,5,5,4,3,3,3,2,2
929,Female,22,5,15,18,4,4,4,4,4,4,4,4,3,3,3,2,1,1,0,0,0
930,Female,22,5,13,13,8,8,8,8,8,8,7,5,5,5,4,4,4,4,4,4,3
931,Female,39,1,14,39,4,4,4,4,4,4,4,4,3,3,3,3,3,3,3,2,1
932,Female,53,2,4,6,1,1,2,2,0,0,0,0,0,0,0,0,0,0,0,0,0
933,Female,31,0,2,3,10,10,10,10,6,6,5,5,4,3,3,2,2,1,1,0,0
934,Female,33,0,0,0,2,2,2,2,2,2,2,2,1,1,1,1,1,1,0,0,0
935,Female,25,0,3,7,2,2,2,2,2,2,1,1,1,1,1,0,0,0,0,0,0
936,Female,32,0,0,0,4,4,4,4,4,4,4,4,4,4,2,2,1,1,1,0,0
937,Female,22,1,1,1,5,4,4,3,2,2,2,2,1,1,1,1,1,0,0,0,0
938,Female,49,0,5,4,5,5,5,5,5,5,5,5,0,0,0,0,0,0,0,0,0
939,Female,43,0,2,2,1,0,0,0,0,0,0,2,0,0,0,0,0,0,0,0,0
940,Female,54,2,2,3,4,4,4,4,4,4,4,4,4,4,4,4,4,4,4,3,2
941,Female,36,1,2,2,5,5,5,5,5,5,5,5,4,3,3,2,2,0,0,0,0
942,Female,28,0,1,4,4,4,4,4,4,4,4,4,4,4,3,2,0,0,0,0,0
943,Female,45,1,4,10,3,3,3,3,3,3,3,3,3,3,2,2,2,1,1,0,0
944,Female,35,8,32,34,10,10,10,10,10,10,10,9,7,6,5,4,4,3,0,0,0
945,Female,41,0,0,0,5,4,2,1,0,0,0,0,0,0,0,0,0,0,0,0,0
946,Female,25,0,3,2,3,3,3,3,3,3,3,3,0,0,0,0,0,0,0,0,0
947,Female,27,4,6,8,10,10,10,9,9,6,6,6,5,5,5,5,5,4,4,3,3
948,Female,29,1,4,4,6,6,6,6,6,6,6,5,5,4,3,1,1,1,1,0,0
949,Female,64,1,10,20,1,0,0,0,0,0,0,0,0,4,0,0,0,0,0,0,0
950,Female,29,1,6,3,10,10,10,10,10,10,10,10,6,4,2,2,1,1,1,1,0
951,Female,60,0,1,1,2,2,2,2,2,2,2,1,1,1,1,0,0,0,0,0,0
952,Female,35,2,4,3,4,4,4,4,4,4,3,3,2,2,1,1,1,1,1,0,0
953,Female,25,4,18,22,10,10,10,10,10,10,10,9,8,7,7,6,5,3,2,0,0
954,Female,23,2,13,10,10,10,10,10,10,8,8,8,6,5,5,2,1,0,0,0,0
955,Female,38,1,4,3,5,0,4,4,3,2,2,1,1,1,1,1,0,0,0,0,0
956,Female,34,2,4,6,10,10,10,10,10,8,7,3,2,1,0,0,0,0,0,0,0
957,Female,35,0,0,0,8,0,0,0,0,0,0,0,0,0,0,0,0,0,0,0,0
958,Female,44,4,8,9,10,10,10,10,10,10,10,10,5,5,5,4,3,2,1,0,0
959,Female,62,1,3,4,5,0,0,0,0,0,0,0,0,0,0,0,0,0,0,0,0
960,Female,32,1,3,7,3,3,3,3,3,3,3,3,3,2,2,2,2,1,1,1,0
961,Female,30,3,9,8,1,0,0,0,0,0,0,0,0,2,2,3,0,0,0,0,0
962,Female,27,1,6,9,3,3,3,3,3,3,3,3,3,4,2,2,2,1,1,1,1
963,Female,24,4,16,13,8,8,8,8,8,6,6,6,5,5,4,3,2,2,0,0,0
964,Female,22,3,10,14,10,10,10,10,10,5,5,5,5,5,0,0,0,0,0,0,0
965,Female,29,0,1,2,2,2,2,1,3,0,0,1,0,0,0,0,0,0,0,0,0
966,Female,38,0,0,0,3,0,0,0,0,0,0,0,0,1,0,0,0,0,0,0,0
967,Female,40,0,1,1,6,6,6,6,6,6,6,6,5,5,5,4,3,2,2,1,1
968,Female,20,0,0,0,0,0,0,0,0,0,0,0,0,0,0,0,0,0,0,0,0
969,Female,66,0,4,6,3,3,3,3,3,3,3,2,2,2,2,1,1,1,1,0,0
970,Female,35,2,9,15,4,4,4,4,4,4,4,4,4,4,3,3,2,2,1,0,0
971,Female,23,15,23,38,10,10,10,10,10,10,10,8,8,7,6,6,6,4,3,2,2
972,Female,38,6,16,11,12,12,12,12,12,12,12,8,6,5,3,2,2,1,1,0,0
973,Female,32,0,1,0,2,2,2,2,2,2,2,2,1,1,1,0,0,0,0,0,0
974,Female,27,4,7,9,6,5,5,5,5,5,5,4,4,4,3,3,3,3,2,2,1
975,Female,53,0,2,2,3,3,3,3,3,3,3,0,0,0,0,0,0,0,0,0,0
976,Female,48,5,5,13,10,10,10,10,10,10,10,10,10,8,6,5,4,4,2,2,1
977,Female,36,0,0,168,3,3,3,3,3,3,2,2,2,1,1,1,1,0,0,0,0
978,Female,26,1,5,4,10,9,9,9,8,8,8,8,8,7,7,6,3,3,2,1,1
979,Female,29,0,4,5,0,0,0,0,0,0,0,0,0,2,1,1,0,0,0,0,0
980,Female,35,1,5,5,2,2,2,1,1,1,1,1,1,1,0,0,0,0,0,0,0
981,Female,32,1,8,9,6,6,6,6,6,6,6,6,5,5,5,4,4,3,2,2,1
982,Female,36,0,3,5,3,3,3,3,3,3,3,3,2,2,2,1,1,1,1,0,0
983,Female,41,3,9,9,5,5,5,5,5,5,5,5,5,4,4,3,3,2,2,1,1
984,Female,38,2,13,24,8,7,7,7,7,7,7,7,6,6,6,5,5,4,3,2,1
985,Female,64,0,1,1,2,2,2,2,2,2,1,1,1,0,0,0,0,0,0,0,0
986,Female,50,30,49,63,5,5,5,5,5,5,4,3,2,1,0,0,0,0,0,0,0
987,Female,56,0,0,0,6,6,6,3,2,1,1,1,1,0,0,0,0,0,0,0,0
988,Female,28,1,4,2,0,0,0,0,0,0,0,0,0,0,0,3,0,0,0,0,0
989,Female,30,5,18,30,10,10,10,10,10,10,10,10,10,10,8,8,5,5,4,0,0
990,Female,57,1,7,11,3,3,3,3,3,3,3,3,3,3,0,0,0,0,0,0,0
991,Female,29,1,7,50,0,1,1,0,1,2,1,1,1,0,1,1,1,0,1,2,1
992,Female,24,1,2,3,10,10,10,10,9,8,7,6,5,4,3,2,1,1,1,0,0
993,Female,34,1,3,3,1,2,0,0,0,0,0,0,0,0,0,0,0,0,0,0,0
994,Female,28,0,0,0,3,3,3,3,3,3,3,3,3,3,3,3,2,2,2,1,0
995,Female,25,0,5,3,4,3,3,3,3,2,2,2,1,1,1,0,0,0,0,0,0
996,Female,24,0,0,0,5,5,5,2,2,2,2,1,1,1,1,1,1,1,0,0,0
997,Female,22,0,0,0,4,4,4,4,4,4,4,4,3,3,2,2,2,0,0,0,0
998,Female,27,0,0,0,0,0,0,0,0,0,2,1,1,1,1,0,0,0,0,0,0
999,Female,35,1,4,6,6,6,6,6,6,6,6,5,2,2,2,1,1,1,1,0,0
1000,Female,28,0,10,10,4,4,4,3,3,3,3,3,3,2,2,2,1,1,0,0,0
1001,Female,59,0,2,2,3,3,3,3,3,3,2,2,2,2,1,1,1,0,0,0,0
1002,Female,60,0,3,7,5,5,5,5,5,5,5,4,3,3,2,2,2,2,2,1,1
1003,Female,34,0,0,0,1,1,1,0,0,0,0,0,0,0,0,0,0,0,0,0,0
1004,Female,52,4,14,26,6,5,5,5,5,5,5,3,2,2,0,0,0,0,0,0,0
1005,Female,23,0,1,3,5,5,5,5,4,3,3,2,2,2,2,1,1,1,1,1,1
1006,Female,31,1,6,8,3,3,3,3,3,3,3,3,3,3,3,2,2,0,0,0,0
1007,Female,30,12,46,37,0,0,0,0,0,0,3,2,0,1,0,0,0,0,0,0,0
1008,Female,23,10,16,8,8,8,8,8,6,6,6,5,5,4,3,2,2,2,2,0,0
1009,Female,34,3,5,11,5,5,5,4,4,4,4,4,4,3,3,2,2,2,2,1,1
1010,Female,30,1,5,5,0,0,0,7,7,7,6,6,5,0,0,0,0,0,0,0,0
1011,Female,28,3,5,5,10,10,10,8,8,8,6,6,4,4,3,3,1,1,1,0,0
1012,Female,33,4,4,3,20,15,15,12,8,6,5,4,3,3,2,1,1,1,0,0,0
1013,Female,33,4,18,26,3,3,3,3,3,3,3,3,3,3,3,2,2,2,2,1,0
1014,Female,26,10,20,16,8,7,6,6,6,6,6,6,6,4,2,0,0,0,0,0,0
1015,Female,36,3,10,15,3,3,3,3,3,3,3,2,2,2,1,1,1,1,0,0,0
1016,Female,60,2,10,11,4,4,4,4,4,4,4,4,4,4,3,3,2,2,2,1,1
1017,Female,57,4,21,35,5,0,0,0,0,0,0,0,0,0,0,0,0,0,0,0,0
1018,Female,45,0,1,1,1,1,1,1,1,1,1,1,1,1,0,0,0,0,0,0,0
1019,Female,39,0,0,0,4,0,0,0,0,0,0,0,0,0,0,0,0,0,0,0,0
1020,Female,37,0,5,5,4,4,4,4,4,4,4,4,4,3,3,2,2,1,1,1,1
1021,Female,45,0,0,0,4,3,3,2,1,1,0,0,0,0,0,0,0,0,0,0,0
1022,Female,27,0,3,3,10,10,10,10,7,7,7,5,5,5,3,3,3,2,2,1,1
1023,Female,27,0,0,0,6,6,6,6,6,6,6,6,6,6,5,5,5,0,0,0,0
1024,Female,55,10,18,30,10,10,10,8,7,5,5,3,2,1,0,0,0,0,0,0,0
1025,Female,33,1,5,5,3,3,3,3,3,3,3,3,3,3,2,2,2,2,2,1,1
1026,Female,37,6,20,12,10,10,10,10,10,10,10,10,10,8,8,7,6,6,5,3,2
1027,Female,52,0,3,4,6,6,6,6,6,6,6,6,6,5,5,5,4,4,3,2,1
1028,Female,37,0,1,1,3,3,3,3,3,3,3,3,3,3,2,2,2,2,1,0,0
1029,Female,31,0,0,0,8,8,8,8,7,6,6,5,5,4,3,3,2,2,2,1,1
1030,Female,51,0,0,0,1,0,0,0,0,0,0,0,0,1,0,0,0,0,0,0,0
1031,Female,50,1,4,8,3,3,3,3,3,3,3,3,3,3,2,2,2,0,0,0,0
1032,Female,28,0,0,0,3,3,3,3,3,3,3,3,3,3,3,3,2,2,1,1,0
1033,Female,57,0,0,0,6,6,6,6,6,6,6,6,6,6,6,6,5,5,4,4,2
1034,Female,47,2,9,4,5,5,5,3,3,3,3,3,0,0,0,0,0,0,0,0,0
1035,Female,36,1,0,0,5,5,5,5,5,5,5,5,5,4,4,3,2,2,2,1,1
1036,Female,50,3,16,19,4,4,4,4,4,4,3,2,2,2,1,1,0,0,0,0,0
1037,Female,21,1,2,1,5,5,5,5,5,4,4,3,2,2,1,0,0,0,0,0,0
1038,Female,43,4,12,18,5,0,0,0,0,0,0,0,0,0,2,0,2,0,0,0,0
1039,Female,32,2,9,15,5,5,5,5,5,5,5,5,4,4,3,3,2,2,2,1,0
1040,Female,28,0,0,0,2,3,4,5,5,5,5,5,5,5,3,2,2,2,2,1,1
1041,Female,62,0,2,3,7,6,6,5,4,4,3,2,1,1,0,0,0,0,0,0,0
1042,Female,36,1,2,5,4,4,4,4,3,3,3,2,2,2,1,1,1,0,0,0,0
1043,Female,34,1,3,3,5,5,5,5,5,5,5,5,4,4,3,3,3,2,2,1,0
1044,Female,28,4,14,14,6,6,6,6,5,5,4,4,4,4,3,2,2,2,1,0,0
1045,Female,49,0,2,3,8,8,8,8,8,8,8,8,8,7,6,5,4,2,1,0,0
1046,Female,55,0,5,5,2,2,2,2,2,2,2,2,2,2,2,1,1,1,1,1,1
1047,Female,38,0,3,10,3,3,3,3,3,3,3,3,0,0,0,0,0,0,0,0,0
1048,Female,32,20,51,27,3,0,0,0,0,0,3,0,0,0,0,0,0,0,0,0,0
1049,Female,24,0,3,2,0,3,2,1,1,0,0,0,0,0,0,0,0,0,0,0,0
1050,Female,51,1,2,1,5,3,3,2,1,0,0,0,0,0,0,0,0,0,0,0,0
1051,Female,22,10,61,41,20,17,18,19,19,7,7,6,1,1,3,4,1,1,1,1,0
1052,Female,33,2,5,6,1,0,0,0,0,0,0,4,0,0,0,0,0,0,0,0,0
1053,Female,24,2,9,5,4,4,4,4,4,4,4,3,2,1,1,0,0,0,0,0,0
1054,Female,31,10,12,15,8,8,8,8,8,5,5,5,0,0,0,0,0,0,0,0,0
1055,Female,49,0,0,0,12,12,10,8,8,8,8,8,8,7,7,6,6,6,5,5,4
1056,Female,20,0,4,2,4,4,4,4,4,4,4,4,4,2,2,1,1,0,0,0,0
1057,Female,36,0,6,12,0,5,5,5,5,5,5,4,3,3,3,2,2,0,0,0,0
1058,Female,43,0,1,1,4,4,4,4,4,4,4,4,4,3,2,1,0,0,0,0,0
1059,Female,28,0,4,6,4,4,4,4,4,4,4,4,4,4,4,4,3,3,3,2,2
1060,Would rather not say,19,0,0,0,3,1,0,1,0,0,0,0,0,0,0,0,0,0,0,0,0
1061,Female,33,0,0,0,0,0,0,0,0,1,1,1,1,2,2,2,2,0,0,0,0
1062,Female,27,3,7,5,0,0,0,0,0,0,0,0,5,5,4,4,3,0,0,0,0
1063,Female,34,0,3,5,6,6,6,6,6,6,6,5,5,4,4,3,3,2,1,0,0
1064,Female,39,2,5,8,6,6,6,6,6,5,4,4,3,2,1,1,1,1,1,0,0
1065,Female,48,0,5,5,5,5,5,5,5,4,4,4,3,2,2,1,1,1,1,0,0
1066,Female,45,1,1,2,5,5,5,5,5,5,4,4,3,3,2,2,1,1,1,1,1
1067,Female,34,0,0,0,0,0,0,0,0,1,0,0,0,0,0,0,0,0,0,0,0
1068,Female,58,0,2,2,4,4,4,4,4,4,3,3,3,3,2,2,2,1,1,1,0
1069,Female,22,5,8,10,5,5,5,5,4,3,3,3,3,3,3,2,2,2,1,0,0
1070,Female,57,2,7,10,4,4,4,4,4,4,4,4,4,4,4,3,3,2,2,1,1
1071,Female,29,2,12,12,5,5,5,5,5,5,5,5,4,4,4,3,3,3,3,2,1
1072,Female,31,1,4,4,5,5,5,5,5,5,5,5,5,5,0,0,0,0,0,0,0
1073,Female,22,0,0,0,0,0,0,0,0,0,0,0,3,4,3,0,0,0,0,0,0
1074,Female,27,0,4,5,4,3,3,3,3,2,2,2,2,1,1,1,0,0,0,0,0
1075,Female,51,0,3,3,2,2,2,2,2,2,2,2,2,2,1,1,1,1,1,1,1
1076,Female,21,23,85,7,20,20,20,20,20,20,12,6,6,10,6,5,4,3,3,2,1
1077,Female,26,0,1,1,3,0,0,0,0,0,0,0,0,0,0,0,0,0,0,0,0
1078,Female,35,1,1,1,5,2,1,1,1,1,0,0,0,0,0,0,0,0,0,0,0
1079,Female,35,1,3,10,4,4,4,3,3,3,3,3,3,2,2,1,1,1,0,0,0
1080,Female,26,0,1,1,2,2,2,2,2,2,2,2,2,1,1,1,1,1,0,0,0
1081,Female,37,0,1,1,3,3,3,3,3,3,3,3,3,2,2,2,1,1,1,0,0
1082,Female,24,0,0,0,5,5,5,5,4,3,3,2,2,2,2,2,2,1,1,0,0
1083,Female,40,1,5,4,7,6,6,6,6,6,6,6,6,5,5,5,5,5,5,4,3
1084,Female,26,6,11,7,10,10,10,10,10,10,9,7,5,5,4,3,3,2,2,1,1
1085,Female,30,2,4,6,4,3,3,3,3,3,3,2,2,2,2,2,1,1,1,0,0
1086,Female,28,0,0,0,1,1,1,1,0,0,0,0,0,0,0,0,0,0,0,0,0
1087,Female,29,1,4,6,4,4,4,4,4,4,4,4,4,3,3,2,2,2,1,0,0
1088,Female,53,0,1,1,4,4,4,4,4,4,4,4,3,3,2,2,2,2,2,1,1
1089,Female,31,0,3,4,6,6,6,6,6,6,6,5,5,4,3,3,1,1,0,0,0
1090,Female,33,0,3,3,10,9,8,7,6,5,4,3,2,1,0,0,0,0,0,0,0
1091,Female,23,24,43,40,15,15,15,15,15,15,15,15,10,10,7,7,3,3,3,2,1
1092,Female,25,1,3,3,10,10,10,10,8,7,6,5,4,3,2,1,1,0,0,0,0
1093,Female,26,2,21,18,10,10,8,8,7,7,5,5,5,4,3,3,3,3,2,1,1
1094,Female,23,0,2,2,4,4,4,4,4,4,4,4,3,2,1,1,1,0,0,0,0
1095,Female,43,0,0,0,4,4,4,3,3,2,1,0,0,0,0,0,0,0,0,0,0
1096,Female,35,4,18,17,10,10,10,10,10,8,8,8,8,8,6,5,5,0,0,0,0
1097,Female,27,0,0,0,10,10,10,10,10,10,10,10,10,8,8,8,6,6,6,0,0
1098,Female,22,0,3,5,2,2,2,2,2,2,2,1,1,1,1,0,0,0,0,0,0
1099,Female,29,2,1,3,7,5,4,2,0,0,0,0,0,0,0,0,0,0,0,0,0
1100,Female,27,1,2,2,8,8,6,4,4,4,4,3,3,2,2,2,2,1,1,1,1
1101,Female,26,2,7,8,3,1,1,0,0,0,0,0,0,0,0,0,0,0,0,0,0
1102,Female,40,0,0,0,1,3,0,0,0,0,0,0,0,0,0,0,0,0,0,0,0
1103,Female,28,1,6,6,4,0,0,0,0,0,0,0,0,0,0,0,0,0,0,0,0
1104,Female,60,0,0,0,3,3,3,3,3,3,3,3,3,3,2,2,1,1,0,0,0
